timestamp,window_seconds,bytes_sent_delta,bytes_recv_delta,packets_sent_delta,packets_recv_delta,packet_rate_raw,byte_rate_raw,connection_count,unique_destinations,unique_ports,syn_count,established_count,time_wait_count,new_destinations,most_common_destination_count,packet_rate,failed_auth_ratio,connection_burst,destination_change_rate,port_scan_score,protocol_deviation,retransmission_rate,payload_irregularity,device_behavior_shift,request_frequency
1788913554.564553,2.017082452774048,7518,8049,12,13,12.394138854174289,7717.582381717246,25,17,11,0,25,2,1,8,0.37558392144655334,0.09933860783399583,1.0,0.379905792027365,0.3711636825301312,0.28382459381141667,0.35367842198759725,0.20473476797794027,0.6707366563704927,0.5156440923976033
1788913556.6227589,2.0582058429718018,19178,16977,35,38,35.46778387073121,17566.270217072422,24,16,11,0,24,2,0,8,0.5205611361293472,0.03283860783399583,0.05,0.21617540618858333,0.32562963279074064,0.09382459381141667,0.16367842198759722,0.1130742173377206,0.10861754061885834,0.5962465403071613
1788913558.6556573,2.032898426055908,17017,8706,26,16,20.660156681554206,12653.362150467115,24,16,11,0,24,2,0,8,0.44515612052648534,0.02933860783399583,0.0,0.21617540618858333,0.32562963279074064,0.08382459381141666,0.1536784219875972,0.16721267697040498,0.08161754061885833,0.5542907213116949
1788913560.687225,2.0315678119659424,17780,5004,23,29,25.595995217939464,11214.98375087563,25,17,12,1,24,2,1,8,0.4748700386007366,0.22066656300898202,0.05,0.379905792027365,0.4613373064598303,0.20765971815989315,0.22059598416183546,0.12967622990152727,0.18050368124018812,0.570132666790249
1788913562.6951425,2.0079174041748047,7196,3876,19,22,20.419166602547477,5514.1710395952605,25,17,12,1,24,2,0,8,0.4435366798649522,0.21716656300898202,0.0,0.22053661793949794,0.4158032567204397,0.19765971815989314,0.21059598416183545,0.11499081535231964,0.10569292901382801,0.5452622327653583
1788913564.7784345,2.083292007446289,24410,62031,59,97,74.88148538102715,41492.50306295748,24,16,11,0,24,2,0,8,0.6266212738122448,0.03283860783399583,0.05,0.21617540618858333,0.32562963279074064,0.09382459381141667,0.16367842198759722,0.06273545394591051,0.10861754061885834,0.6604208840068275
1788913566.837274,2.0588395595550537,14632,16270,29,36,31.571182756002358,15009.42599270746,24,16,11,0,24,2,0,8,0.5042048884605336,0.02933860783399583,0.0,0.21617540618858333,0.32562963279074064,0.08382459381141666,0.1536784219875972,0.1192331864598073,0.08161754061885833,0.586028960763409
1788913568.855063,2.017788887023926,57765,679306,253,567,406.3854277686271,365286.48003762163,24,16,11,0,24,3,1,8,0.8698759655345644,0.03702120122166523,0.0,0.37554458027645043,0.3711636825301312,0.10577486063332925,0.1939205778277703,0.03950432457868336,0.13381834620960098,0.8102512125075324
1788913570.9292152,2.0741522312164307,14917,2050,3,7,4.82124689282584,8180.209603057603,24,16,11,0,24,3,0,8,0.25496844768961724,0.03702120122166523,0.0,0.21617540618858333,0.32562963279074064,0.10577486063332925,0.1939205778277703,0.3291239525132532,0.08600759398324084,0.4535416054344568
1788913572.9403121,2.011096954345703,38306,163740,81,207,143.20542795198,100465.56908328386,24,16,11,0,24,3,0,8,0.7195564214924708,0.03702120122166523,0.0,0.21617540618858333,0.32562963279074064,0.10577486063332925,0.1939205778277703,0.02712874105254115,0.08600759398324084,0.7183541448043119
1788913575.004935,2.0646228790283203,84453,491374,229,573,388.44866447350796,278901.7819423774,27,19,11,0,27,3,3,8,0.8633584847960467,0.047521201221665234,0.15,0.5473140191277246,0.41669773226952184,0.13577486063332925,0.2239205778277703,0.05047937471361352,0.2663491778649832,0.810860752045992
1788913577.0537002,2.048765182495117,96625,841653,249,798,511.0395319803788,457972.4450692319,27,19,11,0,27,3,0,8,0.902970510928514,0.03702120122166523,0.0,0.22857567095199047,0.32562963279074064,0.10577486063332925,0.1939205778277703,0.05793907777816942,0.089727673412263,0.8370972297258078
1788913579.1055493,2.051849126815796,42987,852094,171,752,449.83814255016716,436231.39162724395,28,20,11,0,28,2,1,8,0.884545563505358,0.03283860783399583,0.05,0.3916675557137508,0.3711636825301312,0.09382459381141667,0.16367842198759722,0.04266721005754104,0.16126518547640856,0.8295352063871532
1788913581.129213,2.0236637592315674,21811,13578,36,44,39.532259069746786,17487.58895274086,27,19,11,0,27,2,0,8,0.5358560689378238,0.03283860783399583,0.05,0.22857567095199047,0.32562963279074064,0.09382459381141667,0.16367842198759722,0.09748826796313337,0.11233762004788048,0.6112025894805853
1788913583.1398776,2.010664463043213,108,267,2,4,2.984088151097466,186.50550944359162,26,18,11,0,26,2,0,8,0.2000806961473982,0.03283860783399583,0.05,0.22466197035749005,0.32562963279074064,0.09382459381141667,0.16367842198759722,0.13922728733536066,0.11116350986953036,0.3821436002575127
1788913585.162111,2.022233486175537,37493,664132,149,196,170.60344532839605,346955.4850102489,28,18,11,0,28,3,1,8,0.7447342435612677,0.04402120122166524,0.1,0.38403114444535713,0.3711636825301312,0.12577486063332927,0.2139205778277703,0.08229960402087788,0.190364315460273,0.7566606452419737
1788913587.1807563,2.0186452865600586,8031,7216,15,23,18.824505847064987,7553.085280268418,28,18,11,0,28,3,0,8,0.43233823414981293,0.03702120122166523,0.0,0.22466197035749005,0.32562963279074064,0.10577486063332925,0.1939205778277703,0.146583873368403,0.08855356323391286,0.5508402925234605
1788913589.2017615,2.021005153656006,56348,1518078,279,1245,754.0802146115651,779031.165334664,28,18,11,0,28,3,0,8,0.959192242278563,0.03702120122166523,0.0,0.22466197035749005,0.32562963279074064,0.10577486063332925,0.1939205778277703,0.0797204265583975,0.08855356323391286,0.8743772382282253
1788913591.2266126,2.024851083755493,40731,49491,80,101,89.3892896381788,44557.350772020814,28,18,11,0,28,3,0,8,0.6519446596093814,0.03702120122166523,0.0,0.22466197035749005,0.32562963279074064,0.10577486063332925,0.1939205778277703,0.0420320330365519,0.08855356323391286,0.6836544222787881
1788913593.2475753,2.020962715148926,15672,4972,34,36,34.636957661458716,10214.933628045053,28,18,11,0,28,3,0,8,0.5172253684011774,0.03702120122166523,0.0,0.22466197035749005,0.32562963279074064,0.10577486063332925,0.1939205778277703,0.0812663412370116,0.08855356323391286,0.5971977800731373
1788913595.29765,2.050074815750122,15478,8610,29,31,29.267224561288028,11749.8150872051,28,18,11,0,28,3,0,8,0.493586114768562,0.03702120122166523,0.0,0.22466197035749005,0.32562963279074064,0.10577486063332925,0.1939205778277703,0.11398011358947308,0.08855356323391286,0.5871930570007988
1788913597.3805463,2.0828962326049805,15511,3642,26,32,27.845842290214392,9195.36926524959,28,18,11,0,28,3,0,8,0.48662399741127826,0.03702120122166523,0.0,0.22466197035749005,0.32562963279074064,0.10577486063332925,0.1939205778277703,0.10505149111577727,0.08855356323391286,0.580533850355961
1788913599.399989,2.019442558288574,13253,2460,25,27,25.749680171179847,7780.860087110556,28,18,11,0,28,3,0,8,0.47570403379966486,0.03702120122166523,0.0,0.22466197035749005,0.32562963279074064,0.10577486063332925,0.1939205778277703,0.10514397197275693,0.08855356323391286,0.5729083719992276
1788913601.4265847,2.0265958309173584,1498,1242,10,12,10.855642582685807,1352.020939843596,28,18,11,0,28,3,0,8,0.35792324384826635,0.03702120122166523,0.0,0.22466197035749005,0.32562963279074064,0.10577486063332925,0.1939205778277703,0.10950749182027764,0.08855356323391286,0.49133452300275277
1788913603.4476724,2.021087646484375,13898,431161,86,345,213.2515137330696,220207.66925876154,28,18,11,0,28,3,0,8,0.7768622268642906,0.03702120122166523,0.0,0.22466197035749005,0.32562963279074064,0.10577486063332925,0.1939205778277703,0.020698344344328268,0.08855356323391286,0.7668299816187798
1788913605.5100887,2.0624163150787354,88757,1768824,351,1475,885.3692567546868,900681.8780567513,28,18,11,0,28,3,0,8,0.9823960827858691,0.03702120122166523,0.0,0.22466197035749005,0.32562963279074064,0.10577486063332925,0.1939205778277703,0.09351737070903232,0.08855356323391286,0.8878605377532127
1788913607.5313349,2.0212461948394775,20996,332445,70,282,174.14998771485875,174862.91422706645,28,18,11,0,28,3,0,8,0.7476951845170011,0.03702120122166523,0.0,0.22466197035749005,0.32562963279074064,0.10577486063332925,0.1939205778277703,0.03491768346425295,0.08855356323391286,0.7492569197996621
1788913609.5476658,2.0163309574127197,34711,1101650,214,918,561.4157714726257,563578.6108537142,29,18,11,0,29,3,0,8,0.9165532119074428,0.040521201221665235,0.05,0.22466197035749005,0.32562963279074064,0.11577486063332926,0.20392057782777032,0.05806971451085019,0.11555356323391287,0.851063786337104
1788913611.789318,2.241652250289917,15661,283921,94,249,153.0121364523151,133643.38735468648,29,18,11,0,29,3,0,8,0.7290794894792324,0.03702120122166523,0.0,0.22466197035749005,0.32562963279074064,0.10577486063332925,0.1939205778277703,0.03610540531620332,0.08855356323391286,0.7386672046027675
1788913613.8121564,2.0228383541107178,11509,8513,29,36,32.13306682064339,9897.973290506494,30,18,11,0,30,3,0,8,0.5066805659103852,0.040521201221665235,0.05,0.22466197035749005,0.32562963279074064,0.11577486063332926,0.20392057782777032,0.08976785795833331,0.11555356323391287,0.5958519090815414
1788913615.8312087,2.019052267074585,2926,1548,14,16,14.858456360551354,2215.891125236892,30,18,11,0,30,3,0,8,0.40002908927225334,0.03702120122166523,0.0,0.22466197035749005,0.32562963279074064,0.10577486063332925,0.1939205778277703,0.09941251432575743,0.08855356323391286,0.5231248067083338
1788913618.0626729,2.231464147567749,1556,790,8,8,7.1701801785342045,1051.3276686775778,30,18,11,0,30,2,0,8,0.30403322008095446,0.02933860783399583,0.0,0.22466197035749005,0.32562963279074064,0.08382459381141666,0.1536784219875972,0.1471034394712193,0.08416350986953035,0.465465883303517
1788913620.0776494,2.0149765014648438,29754,30481,56,49,52.109788835585576,29893.64886201426,31,19,11,0,31,2,1,8,0.5749749969904039,0.03283860783399583,0.05,0.38794484503985754,0.3711636825301312,0.09382459381141667,0.16367842198759722,0.09312672546870715,0.16014837227424059,0.6463935678225561
1788913622.094332,2.0166826248168945,73920,25442,108,80,93.22240281465683,49270.023342925175,31,19,11,0,31,2,0,8,0.6579561904163274,0.02933860783399583,0.0,0.22857567095199047,0.32562963279074064,0.08382459381141666,0.1536784219875972,0.04253829136824394,0.08533762004788048,0.6943627164006099
1788913624.1157537,2.0214216709136963,7650,90760,33,100,65.79527760770621,48683.558416348635,31,19,11,0,31,2,0,8,0.6081605901150057,0.02933860783399583,0.0,0.22857567095199047,0.32562963279074064,0.08382459381141666,0.1536784219875972,0.09155760109458477,0.08533762004788048,0.6693096581349529
1788913626.2787983,2.1630446910858154,73978,2482969,295,1986,1054.532072037297,1182105.4879436872,31,19,11,0,31,2,0,8,1.0,0.02933860783399583,0.0,0.22857567095199047,0.32562963279074064,0.08382459381141666,0.1536784219875972,0.09349399709529105,0.08533762004788048,0.9065869254164737
1788913628.2991183,2.020319938659668,23383,66833,53,94,72.76075298129442,44654.313543948694,33,20,12,2,31,2,1,8,0.6225183734418445,0.33403887337348326,0.1,0.3916675557137508,0.5079498017659823,0.2842489971686818,0.2638906236662298,0.07159924162127529,0.22435006614786157,0.6793092604865296
1788913630.3079245,2.0088062286376953,10110,480152,69,386,226.50268279413174,244056.39180662992,32,20,11,0,32,2,1,8,0.7855485111545788,0.03283860783399583,0.05,0.3916675557137508,0.3711636825301312,0.09382459381141667,0.16367842198759722,0.01867839124970283,0.16126518547640856,0.7809056331652986
1788913632.3443644,2.036439895629883,28197,81282,67,90,77.09532716232657,53759.99568410415,31,19,11,0,31,2,0,8,0.6307837465349038,0.03283860783399583,0.05,0.22857567095199047,0.32562963279074064,0.09382459381141667,0.16367842198759722,0.0753646970471713,0.11233762004788048,0.6819072868193988
1788913634.3786135,2.0342490673065186,21161,10769,28,40,33.427568478640886,15696.209728279462,30,18,11,0,30,2,0,8,0.5122280013875375,0.03283860783399583,0.05,0.22466197035749005,0.32562963279074064,0.09382459381141667,0.16367842198759722,0.11411043627409312,0.11116350986953036,0.6046036295787
1788913636.3939855,2.0153720378875732,5307,1419,13,9,10.916098658915333,3337.3490718120242,30,18,11,0,30,2,0,8,0.35865946809525817,0.02933860783399583,0.0,0.22466197035749005,0.32562963279074064,0.08382459381141666,0.1536784219875972,0.1673216451814753,0.08416350986953035,0.5077478980555808
1788913638.4242296,2.0302441120147705,15281,912170,111,723,410.78804024820266,456817.4804751029,30,18,11,0,30,2,0,8,0.8714318200401582,0.02933860783399583,0.0,0.22466197035749005,0.32562963279074064,0.08382459381141666,0.1536784219875972,0.0265640884608207,0.08416350986953035,0.8279113976885516
1788913640.4639423,2.03971266746521,9043,60227,43,75,57.85128556692295,33960.66568831146,31,19,11,0,31,2,0,8,0.5898333069333695,0.03283860783399583,0.05,0.22857567095199047,0.32562963279074064,0.09382459381141667,0.16367842198759722,0.08653767560227987,0.11233762004788048,0.6554765748093466
1788913642.493111,2.0291686058044434,8207,522074,66,408,233.59320592883284,261329.19585052197,31,19,11,0,31,2,0,8,0.7899908376985172,0.02933860783399583,0.0,0.22857567095199047,0.32562963279074064,0.08382459381141666,0.1536784219875972,0.018669227981702008,0.08533762004788048,0.7820131568208344
1788913644.521009,2.027898073196411,9222,34377,31,41,35.50474303992618,21499.601274968634,32,20,12,1,31,2,1,8,0.5207077560801883,0.22066656300898202,0.05,0.3916675557137508,0.4613373064598303,0.20765971815989315,0.22059598416183546,0.12602607708625213,0.18403221034610384,0.616986641780535
1788913646.5492647,2.0282557010650635,38991,32534,75,68,70.50393100086386,35264.29136249502,30,19,11,0,30,7,3,8,0.6180205498109949,0.06253180183249785,0.1,0.5473140191277246,0.41669773226952184,0.17866229094999386,0.3108808667416555,0.060792374331115395,0.24992666392831614,0.6679948010865245
1788913648.5826902,2.0334255695343018,13156,747356,96,585,334.9028409020959,374005.3294275107,29,18,11,0,29,7,0,8,0.841949401877878,0.05903180183249786,0.05,0.22466197035749005,0.32562963279074064,0.16866229094999388,0.3008808667416555,0.010048546059662544,0.1261310492972458,0.8084453530066461
1788913650.608992,2.026301860809326,7432,7970,20,23,21.220925091005615,7601.0392616667095,29,18,11,0,29,7,0,8,0.4488557657145257,0.055531801832497854,0.0,0.22466197035749005,0.32562963279074064,0.15866229094999387,0.2908808667416555,0.1304765876783066,0.09913104929724578,0.5613848344398933
1788913652.6388521,2.029860019683838,10762,6995,19,21,19.70579232662074,8747.893858595113,29,18,11,0,29,7,0,8,0.4386338175937879,0.055531801832497854,0.0,0.22466197035749005,0.32562963279074064,0.15866229094999387,0.2908808667416555,0.14980785240144184,0.09913104929724578,0.5580957237000039
1788913654.6655746,2.0267224311828613,3806,1710,15,11,12.828594384691126,2721.6356394598556,29,18,11,1,28,8,1,8,0.3802043333684763,0.24650517084297785,0.0,0.38403114444535713,0.45084826957406476,0.2814843119713098,0.3642744061494327,0.13255949127887728,0.1715062057278691,0.513745412517773
1788913656.6927931,2.0272185802459717,58171,871111,142,724,427.1862977375258,458402.4678223135,28,17,11,0,28,8,0,8,0.8770840143446751,0.06217721566799166,0.05,0.22053661793949794,0.32562963279074064,0.17764918762283333,0.3173568439751944,0.031991736376348556,0.12669082290641606,0.8264472167109137
1788913658.7144737,2.0216805934906006,30386,139126,69,179,122.67021843040362,83847.07284909104,28,17,11,0,28,8,0,8,0.697320812197925,0.05867721566799166,0.0,0.22053661793949794,0.32562963279074064,0.16764918762283332,0.3073568439751944,0.03764187882411907,0.09969082290641604,0.7145396982482821
1788913660.7343402,2.019866466522217,45789,247299,124,255,187.63616619298497,145102.661417334,30,19,11,0,30,8,2,8,0.758431914368431,0.06567721566799166,0.1,0.48116983565216154,0.3977993941336467,0.18764918762283334,0.32735684397519443,0.012086284834005201,0.23188078822021513,0.7565415383773079
1788913662.743494,2.0091538429260254,43410,596208,142,528,333.47371698736987,318351.9282269068,30,19,11,0,30,8,0,8,0.8413322643691401,0.05867721566799166,0.0,0.22857567095199047,0.32562963279074064,0.16764918762283332,0.3073568439751944,0.019876313085730346,0.10210253881016382,0.808179263793857
1788913664.78162,2.038125991821289,23060,62311,56,84,68.69055228273432,41887.00813520937,30,19,11,0,30,8,0,8,0.6143024171265774,0.05867721566799166,0.0,0.22857567095199047,0.32562963279074064,0.16764918762283332,0.3073568439751944,0.07566777923117285,0.10210253881016382,0.6683671891874438
1788913666.7921197,2.0104997158050537,7524,575071,66,448,255.65783270662226,289776.21604224626,30,19,11,0,30,8,0,8,0.8030019858529468,0.05867721566799166,0.0,0.22857567095199047,0.32562963279074064,0.16764918762283332,0.3073568439751944,0.012356817273706522,0.10210253881016382,0.7877946949044091
1788913668.8039887,2.011868953704834,108017,1453367,455,1311,877.7907709883046,776086.3336176687,31,20,11,0,31,8,1,8,0.9811531969431416,0.06217721566799166,0.05,0.3916675557137508,0.3711636825301312,0.17764918762283333,0.3173568439751944,0.10192691062290804,0.1780301042386919,0.8917075805711495
1788913670.8332736,2.029284954071045,3278,8393,15,26,20.20416103600825,5751.2869134451785,31,20,11,0,31,8,0,8,0.4420763994759453,0.05867721566799166,0.0,0.23229838162588368,0.32562963279074064,0.16764918762283332,0.3073568439751944,0.11918010541030294,0.10321935201233176,0.5585752255507542
1788913672.8646088,2.0313351154327393,17795,680422,110,551,325.40174931165205,343723.1969729709,32,21,11,0,32,8,1,8,0.8377962697150463,0.06217721566799166,0.05,0.39521705307047805,0.3711636825301312,0.17764918762283333,0.3173568439751944,0.011369217399613496,0.17909495344571008,0.8114695424277625
1788913674.895977,2.0313682556152344,15434,243734,48,67,56.612088764363556,127582.97235550063,31,21,11,0,31,9,0,8,0.5867529749643838,0.06499088422236406,0.05,0.235847878982611,0.32562963279074064,0.18568824063532588,0.3320951078314308,0.17542330741546486,0.13289201182184848,0.6710974687936936
1788913676.912301,2.016324043273926,7571,8047,23,29,25.78950549811779,7745.778785953916,31,21,11,0,31,10,0,8,0.4759193704168217,0.06403615703308123,0.0,0.235847878982611,0.32562963279074064,0.18296044866594638,0.33542748922090176,0.104635715163997,0.10734645342797258,0.5793564271601065
1788913678.9451745,2.0328733921051025,841,2012,10,16,12.789778301479073,1403.4322113122998,31,21,11,0,31,10,0,8,0.37979747418043647,0.06403615703308123,0.0,0.235847878982611,0.32562963279074064,0.18296044866594638,0.33542748922090176,0.09005098592725874,0.10734645342797258,0.5091541539472892
1788913680.9561474,2.0109729766845703,8745,754630,82,587,332.6747836775807,379604.80267544574,31,21,11,0,31,10,0,8,0.840986111484644,0.06403615703308123,0.0,0.235847878982611,0.32562963279074064,0.18296044866594638,0.33542748922090176,0.008121840335100328,0.10734645342797258,0.8123516348077626
1788913682.9723163,2.0161688327789307,3977,11581,18,25,21.327578971019076,7716.6156658398795,30,21,11,0,30,11,0,8,0.4495488316951232,0.06985980905566108,0.05,0.235847878982611,0.32562963279074064,0.19959945444474594,0.3575989998153676,0.13076173756578818,0.1356742545837325,0.5640584710523489
1788913684.993294,2.020977735519409,37632,2391693,292,1909,1089.076817283355,1202054.311288908,30,21,11,0,30,12,1,8,1.0,0.0684973617069718,0.0,0.39521705307047805,0.3711636825301312,0.19570674773420513,0.35879570417937606,0.09240907647672669,0.15770646546798445,0.9047401260572597
1788913687.0039337,2.0106396675109863,10266,48490,52,88,69.62958219824091,29222.540940284594,29,20,11,0,29,12,0,8,0.6162397138181521,0.0719973617069718,0.05,0.23229838162588368,0.32562963279074064,0.20570674773420514,0.36879570417937607,0.0503900481189421,0.13583086403460615,0.6625362902005589
1788913689.0163548,2.012421131134033,3083,68319,18,69,43.23150788571477,35480.645127078235,29,20,11,0,29,11,0,8,0.5484978848238735,0.06635980905566108,0.0,0.23229838162588368,0.32562963279074064,0.18959945444474594,0.34759899981536757,0.13071155871773033,0.10760940537671429,0.6311813120243216
1788913691.0323217,2.0159668922424316,46578,1336298,248,1104,670.645934316968,685961.6620299642,29,21,11,0,29,12,0,8,0.9422437944540308,0.0684973617069718,0.0,0.235847878982611,0.32562963279074064,0.19570674773420513,0.35879570417937606,0.0710202485054704,0.10989571324162434,0.8664570873207915
1788913693.086882,2.054560422897339,44646,107990,139,186,158.18468825642293,74291.3171590996,32,24,11,0,32,12,3,8,0.7338609129203257,0.07899736170697179,0.15,0.5643399688130566,0.41669773226952184,0.22570674773420513,0.38879570417937603,0.006742589090165785,0.28944334019075796,0.7396401183333476
1788913695.1011925,2.014310359954834,47465,649055,218,677,444.32080467484076,345785.84008058114,32,24,11,0,32,12,0,8,0.882763265831539,0.0684973617069718,0.0,0.24560162063732244,0.32562963279074064,0.19570674773420513,0.35879570417937606,0.055948339728406404,0.11282183573803775,0.8340306152435488
1788913697.1218863,2.020693778991699,9558,136578,48,147,96.50150954455977,72319.71589130147,32,24,11,0,32,12,0,8,0.6629078620802054,0.0684973617069718,0.0,0.24560162063732244,0.32562963279074064,0.19570674773420513,0.35879570417937606,0.062466732872502706,0.11282183573803775,0.7038148471377971
1788913699.1389394,2.0170531272888184,11381,244897,48,216,130.88400916581227,127055.65189771226,32,24,11,0,32,12,0,8,0.7066284697877314,0.0684973617069718,0.0,0.24560162063732244,0.32562963279074064,0.19570674773420513,0.35879570417937606,0.05527930670075776,0.11282183573803775,0.7329817872987163
1788913701.1611176,2.0221781730651855,233,1367,3,5,3.956130130647057,791.2260261294115,32,24,11,0,32,12,0,8,0.2316807111763691,0.0684973617069718,0.0,0.24560162063732244,0.32562963279074064,0.19570674773420513,0.35879570417937606,0.2010498528115687,0.11282183573803775,0.42967246549292487
1788913703.1793747,2.0182571411132812,5735,363896,42,286,162.51645705515674,183143.66017608123,32,24,11,0,32,12,0,8,0.7377470764056778,0.0684973617069718,0.0,0.24560162063732244,0.32562963279074064,0.19570674773420513,0.35879570417937606,0.04786536686744636,0.11282183573803775,0.7532820239646165
1788913705.2048693,2.0254945755004883,1831,1295,7,8,7.4055987023779535,1543.3267695755655,32,24,11,0,32,11,0,8,0.3081449644718075,0.06635980905566108,0.0,0.24560162063732244,0.32562963279074064,0.18959945444474594,0.34759899981536757,0.1678594296698176,0.11160037708014592,0.47655935817138156
1788913707.2338006,2.0289313793182373,23136,329255,124,309,213.41283614308185,173683.05482978464,32,24,11,0,32,11,0,8,0.7769711719319272,0.06635980905566108,0.0,0.24560162063732244,0.32562963279074064,0.18959945444474594,0.34759899981536757,0.005202785897114426,0.11160037708014592,0.7722063746389247
1788913709.254491,2.020690441131592,474,701,4,6,4.948803535884484,581.4844154664269,32,24,11,0,32,11,0,8,0.25810586276268627,0.06635980905566108,0.0,0.24560162063732244,0.32562963279074064,0.18959945444474594,0.34759899981536757,0.1546865922771939,0.11160037708014592,0.43889741949647193
1788913711.2754612,2.020970106124878,182,285,2,3,2.474059356368849,231.0771438848505,32,24,11,0,32,11,0,8,0.18025299686243018,0.06635980905566108,0.0,0.24560162063732244,0.32562963279074064,0.18959945444474594,0.34759899981536757,0.1728807444247129,0.11160037708014592,0.38803924379579646
1788913713.2841842,2.008723020553589,24171,932751,130,761,443.56538501482754,476383.24956134544,31,24,11,0,31,13,1,8,0.8825175211438869,0.07397642634589606,0.05,0.4049707947251895,0.3711636825301312,0.2113612181311316,0.379162233240408,0.034930904558735376,0.18876348204378318,0.8360618087245056
1788913715.3170002,2.032815933227539,18794,1294899,154,682,411.2521878322094,646242.9669735152,31,24,11,0,31,13,0,8,0.8715948764756317,0.07047642634589606,0.0,0.24560162063732244,0.32562963279074064,0.2013612181311316,0.369162233240408,0.004238189902088352,0.11395272981742305,0.8345545003880565
1788913717.3334281,2.016427993774414,22868,2598176,249,738,489.47941758758367,1299845.0765870626,31,24,11,0,31,13,0,8,0.8967438437052518,0.07047642634589606,0.0,0.24560162063732244,0.32562963279074064,0.2013612181311316,0.369162233240408,0.015917631779108543,0.11395272981742305,0.8561899417850299
1788913719.3510654,2.017637252807617,9991,32163,26,38,31.720270782541125,20892.754602613102,31,24,11,0,31,13,0,8,0.5048659127247325,0.07047642634589606,0.0,0.24560162063732244,0.32562963279074064,0.2013612181311316,0.369162233240408,0.14001179695247534,0.11395272981742305,0.6066942231333398
1788913721.400182,2.049116611480713,11918,387589,55,316,181.05362960866904,194965.47817808774,31,24,11,0,31,13,0,8,0.7532907851110606,0.07047642634589606,0.0,0.24560162063732244,0.32562963279074064,0.2013612181311316,0.369162233240408,0.03637686152199715,0.11395272981742305,0.7598646467176737
1788913723.4203541,2.020172119140625,2653,60628,17,59,37.620556822816745,31324.558635587717,31,24,11,0,31,13,0,8,0.5288629878465156,0.07047642634589606,0.0,0.24560162063732244,0.32562963279074064,0.2013612181311316,0.369162233240408,0.14226985248573165,0.11395272981742305,0.6239437868252392
1788913725.4364917,2.0161375999450684,6374,2359,18,15,16.36793044328875,4331.549592764868,32,25,11,1,31,13,1,8,0.4131895716196606,0.26180438152088226,0.05,0.4079633521387368,0.45084826957406476,0.3251963424796081,0.43607979541464625,0.1296914224856815,0.21242827413754264,0.5424569817380515
1788913727.4514098,2.014918088912964,6541,18066,20,29,24.31860643349289,12212.407112427745,32,25,11,0,32,13,0,8,0.46774558669600597,0.07047642634589606,0.0,0.24859417805086972,0.32562963279074064,0.2013612181311316,0.369162233240408,0.14232383862568,0.11485049704148724,0.5831726755194929
1788913729.4740374,2.022627592086792,11607,206650,58,189,122.1183775828769,107907.65480204845,31,24,11,0,31,14,0,8,0.6966734911951639,0.07581889144552725,0.05,0.24560162063732244,0.32562963279074064,0.2166254041300779,0.38881324090514285,0.05464442933675118,0.14200556701721231,0.723886054539497
1788913731.4873037,2.0132663249969482,10307,2807,18,12,14.90115819626868,6513.792952862249,31,24,11,0,31,14,0,8,0.40041831523511057,0.07231889144552725,0.0,0.24560162063732244,0.32562963279074064,0.20662540413007788,0.37881324090514285,0.168908098527274,0.1150055670172123,0.5393601652055642
1788913733.522033,2.034729242324829,11140,528846,72,422,242.78414529275076,265384.6953037476,30,23,11,0,30,14,0,8,0.7955533752298418,0.07581889144552725,0.05,0.24248688476141053,0.32562963279074064,0.2166254041300779,0.38881324090514285,0.014105040345014919,0.14107114625443873,0.7829303120824973
1788913735.5491195,2.0270864963531494,4704,973,11,10,10.359696065155712,2800.571169613761,30,23,11,0,30,14,0,8,0.3517380100655576,0.07231889144552725,0.0,0.24248688476141053,0.32562963279074064,0.20662540413007788,0.37881324090514285,0.1628786567649788,0.11407114625443873,0.5020142797514912
1788913737.5800452,2.030925750732422,55,66,1,1,0.984772584265442,59.57874134805924,30,23,11,0,30,14,0,8,0.09922256070045395,0.07231889144552725,0.0,0.24248688476141053,0.32562963279074064,0.20662540413007788,0.37881324090514285,0.1668362843813474,0.11407114625443873,0.3260449907191923
1788913739.5919507,2.0119054317474365,1374,6574,14,17,15.408278893643132,3950.4838918282458,31,24,11,0,31,14,1,8,0.4049624147061503,0.07581889144552725,0.05,0.4049707947251895,0.3711636825301312,0.2166254041300779,0.38881324090514285,0.13195000122039818,0.18981631924357242,0.5351494153739168
1788913741.6194875,2.0275368690490723,2560,1048,7,9,7.891348485072975,1779.4990833839558,31,24,11,0,31,14,0,8,0.31627678118998204,0.07231889144552725,0.0,0.24560162063732244,0.32562963279074064,0.20662540413007788,0.37881324090514285,0.16895329301266887,0.1150055670172123,0.4804701302710531
1788913743.6460164,2.026528835296631,7858,507337,62,399,227.482576102857,254225.34879677097,29,24,9,0,29,15,0,6,0.7861706092550002,0.08104240244333047,0.1,0.24560162063732244,0.30173766823999315,0.23154972126665851,0.40784115565554063,0.020702758826527168,0.16999043044452844,0.7755504591478697
1788913745.6737893,2.027772903442383,4872,1272,12,13,12.328796759025412,3029.9250914980853,31,24,11,0,31,15,0,8,0.37487607350475866,0.08104240244333047,0.1,0.24560162063732244,0.32562963279074064,0.23154972126665851,0.40784115565554063,0.14484190636868682,0.16999043044452844,0.5166673575626004
1788913747.6993296,2.025540351867676,6313,389312,49,308,176.24926586667283,195318.25156443258,31,24,11,0,31,15,0,8,0.7494197129574376,0.07404240244333046,0.0,0.24560162063732244,0.32562963279074064,0.2115497212666585,0.3878411556555406,0.04036513149421528,0.11599043044452843,0.7579525502045813
1788913749.7351823,2.0358526706695557,4598,1905,10,12,10.80628294814899,3194.239000536949,31,24,11,0,31,15,0,8,0.3573193609929146,0.07404240244333046,0.0,0.24560162063732244,0.32562963279074064,0.2115497212666585,0.3878411556555406,0.1658212562624053,0.11599043044452843,0.5085735287830532
1788913751.7634482,2.028265953063965,1448,586,8,8,7.888511847191379,1002.8270685742041,31,24,11,0,31,15,0,8,0.3162305956766938,0.07404240244333046,0.0,0.24560162063732244,0.32562963279074064,0.2115497212666585,0.3878411556555406,0.13184707321202693,0.11599043044452843,0.473016556451623
1788913753.7745957,2.0111474990844727,4609,9440,24,29,26.35311434100532,6985.564214656297,31,24,11,0,31,15,0,8,0.47893296229939364,0.07404240244333046,0.0,0.24560162063732244,0.32562963279074064,0.2115497212666585,0.3878411556555406,0.09492594477844563,0.11599043044452843,0.5795239874007966
1788913755.8112116,2.0366158485412598,9680,348506,49,285,163.99754535899828,175873.12808969506,31,24,11,0,31,15,0,8,0.7390522258026764,0.07404240244333046,0.0,0.24560162063732244,0.32562963279074064,0.2115497212666585,0.3878411556555406,0.04393409686984373,0.11599043044452843,0.7514091022713741
1788913757.8245847,2.0133731365203857,6374,4357,15,17,15.893725519405724,5329.861517148213,31,24,11,0,31,15,0,8,0.4091826055852556,0.07404240244333046,0.0,0.24560162063732244,0.32562963279074064,0.2115497212666585,0.3878411556555406,0.14714132929135476,0.11599043044452843,0.5411418146034818
1788913759.8523545,2.0277698040008545,2619,9849,12,22,16.767189220845935,6148.626917809032,31,24,11,0,31,15,0,8,0.4164793144404349,0.07404240244333046,0.0,0.24560162063732244,0.32562963279074064,0.2115497212666585,0.3878411556555406,0.14910744254708447,0.11599043044452843,0.5466427334532532
1788913762.0527163,2.200361728668213,16828,218764,61,203,119.98027258899299,107069.66810525014,32,25,11,0,32,15,1,8,0.6941377497155257,0.07754240244333047,0.05,0.4079633521387368,0.3711636825301312,0.2215497212666585,0.3978411556555406,0.056674754915381875,0.19169894989495273,0.7245173728910972
1788913764.0867236,2.0340073108673096,22988,51880,59,83,69.81292507717221,36808.12728646288,32,25,11,0,32,15,0,8,0.6166149585131879,0.07404240244333046,0.0,0.24859417805086972,0.32562963279074064,0.2115497212666585,0.3878411556555406,0.06497571268748858,0.11688819766859262,0.671911610603882
1788913766.1124141,2.0256905555725098,33596,52719,83,112,96.26346900002613,42610.160649934645,32,25,11,0,32,10,0,8,0.6625540517559256,0.06403615703308123,0.0,0.24859417805086972,0.32562963279074064,0.18296044866594638,0.33542748922090176,0.028525815854240633,0.1111703431484502,0.6967789965071489
1788913768.1317377,2.0193235874176025,4964,212964,31,172,100.5287123197551,107921.28679024428,32,25,11,0,32,10,0,8,0.668766193918144,0.06403615703308123,0.0,0.24859417805086972,0.32562963279074064,0.18296044866594638,0.33542748922090176,0.08255991600774715,0.1111703431484502,0.711934316051403
1788913770.1573231,2.025585412979126,13185,8464,19,23,20.734746474219804,10687.774438580585,32,25,11,0,32,10,0,8,0.44565371015755967,0.06403615703308123,0.0,0.24859417805086972,0.32562963279074064,0.18296044866594638,0.33542748922090176,0.15577126376498712,0.1111703431484502,0.5703978469704419
1788913772.1683848,2.011061668395996,24349,1563,23,9,15.911993402729863,12884.736657860505,32,25,11,0,32,10,0,8,0.40933903856319653,0.06403615703308123,0.0,0.24859417805086972,0.32562963279074064,0.18296044866594638,0.33542748922090176,0.20420441596728056,0.1111703431484502,0.5546642072948464
1788913774.178044,2.0096592903137207,8953,2312,12,8,9.95193568203189,5605.427772904462,32,25,11,0,32,9,0,8,0.34644683328762504,0.06149088422236405,0.0,0.24859417805086972,0.32562963279074064,0.17568824063532587,0.3220951078314308,0.21314459353120974,0.1097159015423261,0.5124276991147323
1788913776.1888485,2.0108044147491455,32161,11868,28,39,33.319998458606165,21896.21212140255,32,25,11,0,32,9,0,8,0.511775036551204,0.06149088422236405,0.0,0.24859417805086972,0.32562963279074064,0.17568824063532587,0.3220951078314308,0.13614378774207192,0.1097159015423261,0.61275728024141
1788913778.1982446,2.0093960762023926,82,132,1,2,1.492985895378961,106.49966053703255,32,25,11,0,32,9,0,8,0.13222080910592265,0.06149088422236405,0.0,0.24859417805086972,0.32562963279074064,0.17568824063532587,0.3220951078314308,0.17102089300386392,0.1097159015423261,0.35404474208207143
1788913780.2081306,2.0098860263824463,55,66,1,1,0.9950813000077223,60.2024186504672,32,25,11,0,32,9,0,8,0.099972400737535,0.06149088422236405,0.0,0.24859417805086972,0.32562963279074064,0.17568824063532587,0.3220951078314308,0.16675047770323903,0.1097159015423261,0.33061677316407506
1788913782.2212155,2.013084888458252,129,122,2,1,1.490250121691386,124.68426018151263,31,24,11,0,31,9,0,8,0.13206188163487056,0.06499088422236406,0.05,0.24560162063732244,0.32562963279074064,0.18568824063532588,0.3320951078314308,0.18131179588675303,0.13581813431826192,0.35399140115729194
1788913784.2409215,2.0197060108184814,3581,1263,17,18,17.32925475912028,2398.3688586622466,29,22,11,0,29,11,0,8,0.42098735546938754,0.07335980905566107,0.1,0.2392395677340804,0.32562963279074064,0.20959945444474593,0.3675989998153676,0.08358229805111955,0.1636917612091733,0.5324980893428592
1788913786.2542593,2.0133378505706787,1187,2591,8,11,9.43706491914135,1876.485856027159,29,22,11,0,29,11,0,8,0.33947700849602,0.06635980905566108,0.0,0.2392395677340804,0.32562963279074064,0.18959945444474594,0.34759899981536757,0.14919164196553197,0.1096917612091733,0.48856271524438444
1788913788.2888198,2.034560441970825,8654,8277,22,25,23.10081284902617,8321.699198869406,29,22,11,0,29,11,0,8,0.460610583202463,0.06635980905566108,0.0,0.2392395677340804,0.32562963279074064,0.18959945444474594,0.34759899981536757,0.12459343251433136,0.1096917612091733,0.5684365756486544
1788913790.317662,2.0288422107696533,137,108,1,2,1.4786758595987275,120.75852853389608,29,22,11,0,29,11,0,8,0.13138756823782008,0.06635980905566108,0.0,0.2392395677340804,0.32562963279074064,0.18959945444474594,0.34759899981536757,0.17992885243102422,0.1096917612091733,0.3490475491567429
1788913792.3356342,2.017972230911255,54,134,1,1,0.9910939156466295,93.16282807078318,29,22,11,0,29,11,0,8,0.09968282506135792,0.06635980905566108,0.0,0.2392395677340804,0.32562963279074064,0.18959945444474594,0.34759899981536757,0.19497134814569303,0.1096917612091733,0.3298627280761532
1788913794.3582346,2.0226004123687744,16978,99095,55,77,65.26252006712873,57388.00372539268,30,23,11,0,30,10,0,8,0.6070014876939166,0.06753615703308123,0.05,0.24248688476141053,0.32562963279074064,0.1929604486659464,0.3454274892209018,0.10338064876371633,0.13633815516161243,0.6687991124910899
1788913796.4532335,2.094998836517334,10593,9674,31,35,31.5035974481573,9673.991052754607,30,23,11,0,30,9,0,8,0.5039042324017068,0.06149088422236405,0.0,0.24248688476141053,0.32562963279074064,0.17568824063532587,0.3220951078314308,0.09106044393005985,0.10788371355548834,0.5941669928198118
1788913798.4707725,2.0175390243530273,3603,2944,9,13,10.90437395978243,3245.042559758889,30,23,11,0,30,9,0,8,0.3585169790141361,0.06149088422236405,0.0,0.24248688476141053,0.32562963279074064,0.17568824063532587,0.3220951078314308,0.1656463120412352,0.10788371355548834,0.5073130890707473
1788913800.4891963,2.0184237957000732,15782,59329,46,65,54.993406358202684,37212.7004051438,29,22,11,0,29,10,0,8,0.5826279943023648,0.06753615703308123,0.05,0.2392395677340804,0.32562963279074064,0.1929604486659464,0.3454274892209018,0.09967134346574014,0.1353639600534134,0.6488643456088674
1788913802.506706,2.017509698867798,13017,28857,28,41,34.200579079605895,20755.29055622344,29,22,11,0,29,9,0,8,0.5154420220928532,0.06149088422236405,0.0,0.2392395677340804,0.32562963279074064,0.17568824063532587,0.3220951078314308,0.1290077489542416,0.1069095184472893,0.6077014461599095
1788913804.521508,2.0148019790649414,2901,87378,33,73,52.61062928337703,44807.87736862259,29,22,11,0,29,8,0,8,0.5763335771973616,0.05867721566799166,0.0,0.2392395677340804,0.32562963279074064,0.16764918762283332,0.3073568439751944,0.1180065974883463,0.10530170784479079,0.6481253044398865
1788913806.5476515,2.0261435508728027,2535,938,7,8,7.403226683291242,1714.0937514046989,29,22,11,0,29,8,0,8,0.3081041126871277,0.05867721566799166,0.0,0.2392395677340804,0.32562963279074064,0.16764918762283332,0.3073568439751944,0.17469963485076967,0.10530170784479079,0.47170328675520734
1788913808.5645075,2.0168559551239014,52377,3021174,346,2419,1370.9457003983896,1523931.8366745645,28,21,11,0,28,9,0,8,1.0,0.06499088422236406,0.05,0.235847878982611,0.32562963279074064,0.18568824063532588,0.3320951078314308,0.07702740229174365,0.13289201182184848,0.903481273486562
1788913810.5845144,2.0200068950653076,10292,21023,31,37,33.6632514305361,15502.422331577029,28,20,11,0,28,9,0,8,0.5132155073457098,0.06149088422236405,0.0,0.23229838162588368,0.32562963279074064,0.17568824063532587,0.3220951078314308,0.11231760010883918,0.10482716261483027,0.6006011291086755
1788913812.6186488,2.0341343879699707,10502,1453534,130,1149,628.7686829169722,719734.1575160535,28,20,11,0,28,9,0,8,0.9329253661291431,0.06149088422236405,0.0,0.23229838162588368,0.32562963279074064,0.17568824063532587,0.3220951078314308,0.05858608145960531,0.10482716261483027,0.86021729394339
1788913814.7131739,2.094525098800659,10392,223256,53,206,123.65571563134066,111551.7785553339,28,20,11,0,28,9,0,8,0.6984696687753891,0.06149088422236405,0.0,0.23229838162588368,0.32562963279074064,0.17568824063532587,0.3220951078314308,0.05500143550539527,0.10482716261483027,0.7188158091887622
1788913816.726492,2.0133180618286133,48743,48166,93,101,96.35834678987474,48133.97437659779,29,21,11,0,29,9,1,8,0.6626951765402693,0.06499088422236406,0.05,0.39521705307047805,0.3711636825301312,0.18568824063532588,0.3320951078314308,0.036287007470445,0.1807027640482086,0.6922345059763415
1788913818.7762952,2.0498032569885254,2403,19290,19,27,22.441178119494765,10582.966890134781,29,21,11,0,29,9,0,8,0.4565937459469402,0.06149088422236405,0.0,0.235847878982611,0.32562963279074064,0.17568824063532587,0.3220951078314308,0.14419240741511358,0.10589201182184849,0.5695445845499449
1788913820.78607,2.009774923324585,55,66,1,1,0.9951363094388623,60.20574672105117,29,21,11,0,29,9,0,8,0.09997639163702812,0.06149088422236405,0.0,0.235847878982611,0.32562963279074064,0.17568824063532587,0.3220951078314308,0.16675001204146186,0.10589201182184849,0.32442395745827607
1788913822.8138537,2.0277836322784424,7070,6970,13,20,16.2739256174589,6923.815626337059,28,20,11,0,28,9,0,8,0.4124040099583435,0.06499088422236406,0.05,0.23229838162588368,0.32562963279074064,0.18568824063532588,0.3320951078314308,0.16087936979873652,0.1318271626148303,0.5397454348754985
1788913824.8278298,2.0139760971069336,14761,18588,27,37,31.77793425251455,16558.78639667356,28,20,11,0,28,9,0,8,0.5051207727398354,0.06149088422236405,0.0,0.23229838162588368,0.32562963279074064,0.17568824063532587,0.3220951078314308,0.12468570095999443,0.10482716261483027,0.5974084350547945
1788913826.8720398,2.0442099571228027,82069,3893416,502,3089,1756.6688722396611,1944753.7598317151,28,20,11,0,28,9,0,8,1.0,0.06149088422236405,0.0,0.23229838162588368,0.32562963279074064,0.17568824063532587,0.3220951078314308,0.06121914898917458,0.10482716261483027,0.9066429241470758
1788913828.889546,2.0175061225891113,26091,17024,51,47,48.574821609083585,21370.443200771824,28,20,11,0,28,9,0,8,0.565005301343395,0.06149088422236405,0.0,0.23229838162588368,0.32562963279074064,0.17568824063532587,0.3220951078314308,0.08133791139791424,0.10482716261483027,0.6306580471648702
1788913830.903761,2.0142149925231934,25593,8971,35,31,32.767107903075555,17160.035114574297,28,20,11,0,28,9,0,8,0.5094242453440246,0.06149088422236405,0.0,0.23229838162588368,0.32562963279074064,0.17568824063532587,0.3220951078314308,0.12269433740993829,0.10482716261483027,0.6000225931677157
1788913832.9151585,2.01139760017395,38532,2427721,283,1900,1085.3150067451652,1226138.9790793788,27,20,11,0,27,8,0,8,1.0,0.06217721566799166,0.05,0.23229838162588368,0.32562963279074064,0.17764918762283333,0.3173568439751944,0.09112296812391829,0.13021935201233178,0.8983810940066983
1788913834.9394104,2.024251937866211,2099,191782,20,155,86.4516894989216,95779.08578137381,27,20,11,0,27,8,0,8,0.6471624284977195,0.05867721566799166,0.0,0.23229838162588368,0.32562963279074064,0.16764918762283332,0.3073568439751944,0.09642578787774547,0.10321935201233176,0.6889045451554348
1788913836.962641,2.02323055267334,17384,341154,52,277,162.61122567830193,177210.64933813683,27,20,11,0,27,8,0,8,0.7378309407785094,0.05867721566799166,0.0,0.23229838162588368,0.32562963279074064,0.16764918762283332,0.3073568439751944,0.04564654847695615,0.10321935201233176,0.7422166558718297
1788913838.9920106,2.029369592666626,16844,252642,52,230,138.95940937473455,132792.96239276495,27,20,11,0,27,8,0,8,0.7152305452101689,0.05867721566799166,0.0,0.23229838162588368,0.32562963279074064,0.16764918762283332,0.3073568439751944,0.04954049572817365,0.10321935201233176,0.7271751684242349
1788913841.003181,2.0111703872680664,2045,819,9,11,9.944458274948847,1424.046424972675,27,20,11,0,27,8,0,8,0.34634797600662665,0.05867721566799166,0.0,0.23229838162588368,0.32562963279074064,0.16764918762283332,0.3073568439751944,0.12444514144708085,0.10321935201233176,0.4839382991255367
1788913843.0198429,2.0166618824005127,4268,8454,15,20,17.355413074172905,6308.444717989363,27,20,11,0,27,8,0,8,0.42119377722450113,0.05867721566799166,0.0,0.23229838162588368,0.32562963279074064,0.16764918762283332,0.3073568439751944,0.14605627581041725,0.10321935201233176,0.5406525868507162
1788913845.0334237,2.013580799102783,3618,131743,29,120,73.9975272243318,67224.02203095824,27,20,11,0,27,8,0,8,0.6249252261170094,0.05867721566799166,0.0,0.23229838162588368,0.32562963279074064,0.16764918762283332,0.3073568439751944,0.09571255663223222,0.10321935201233176,0.6731958572398349
1788913847.0578086,2.0243849754333496,14838,13505,25,30,27.16874540536759,14000.795473169703,27,20,11,0,27,8,0,8,0.4831859214833363,0.05867721566799166,0.0,0.23229838162588368,0.32562963279074064,0.16764918762283332,0.3073568439751944,0.13574261127600873,0.10321935201233176,0.5819843549250191
1788913849.0955284,2.0377197265625,2989,4136,9,11,9.814892469897561,3496.5554424010065,27,20,11,0,27,7,0,8,0.3446242040320178,0.055531801832497854,0.0,0.23229838162588368,0.32562963279074064,0.15866229094999387,0.2908808667416555,0.1843772035436309,0.10142197267776387,0.49471807116262057
1788913851.1651042,2.069575786590576,20939,22911,47,49,46.38631772849963,21187.917004111547,27,20,11,0,27,7,0,8,0.5584701809169657,0.055531801832497854,0.0,0.23229838162588368,0.32562963279074064,0.15866229094999387,0.2908808667416555,0.08731696262490907,0.10142197267776387,0.6249982067983397
1788913853.1747305,2.0096263885498047,12731,94112,36,92,63.693431141879024,53165.603621029535,27,20,11,0,27,7,0,8,0.6035327351450158,0.055531801832497854,0.0,0.23229838162588368,0.32562963279074064,0.15866229094999387,0.2908808667416555,0.10189494304289848,0.10142197267776387,0.6594575908415726
1788913855.2095475,2.0348169803619385,4366,1703,12,9,10.320338488754242,2982.577823249976,27,20,11,0,27,7,0,8,0.351235649791281,0.055531801832497854,0.0,0.23229838162588368,0.32562963279074064,0.15866229094999387,0.2908808667416555,0.1674616011450915,0.10142197267776387,0.4959629627143969
1788913857.2451208,2.0355732440948486,12312,596005,69,476,267.7378480882634,298843.09089084057,27,20,11,0,27,7,0,8,0.8096591268156508,0.055531801832497854,0.0,0.23229838162588368,0.32562963279074064,0.15866229094999387,0.2908808667416555,0.007697063511623248,0.10142197267776387,0.7849064891047621
1788913859.2707667,2.0256459712982178,9286,11609,17,17,16.784769146115753,10315.227979649666,27,20,11,0,27,7,0,8,0.4166224619342633,0.055531801832497854,0.0,0.23229838162588368,0.32562963279074064,0.15866229094999387,0.2908808667416555,0.1825026090041703,0.10142197267776387,0.5447419327863002
1788913861.2914605,2.020693778991699,17862,210043,48,186,115.80181145347171,112785.52068078407,27,20,11,0,27,7,0,8,0.6890501590165226,0.055531801832497854,0.0,0.23229838162588368,0.32562963279074064,0.15866229094999387,0.2908808667416555,0.06513401118561313,0.10142197267776387,0.7119676011801703
1788913863.3009658,2.009505271911621,7824,10327,16,20,17.91485720550192,9032.571476029592,27,20,11,0,27,6,0,8,0.4255394499723343,0.05196582573506344,0.0,0.23229838162588368,0.32562963279074064,0.148473787814467,0.27220194432652284,0.16497811187813638,0.0993842720506585,0.5474789249877432
1788913865.3237717,2.02280592918396,23801,448198,84,392,235.3166920921711,233338.74653532074,28,21,11,0,28,6,1,8,0.7910503405720776,0.055465825735063444,0.05,0.39521705307047805,0.3711636825301312,0.158473787814467,0.28220194432652285,0.010265182367156234,0.17525987348403682,0.7746750288187964
1788913867.3399327,2.0161609649658203,329,521,4,5,4.4639292975065485,421.5933225422852,28,21,11,0,28,6,0,8,0.24579945832989808,0.05196582573506344,0.0,0.235847878982611,0.32562963279074064,0.148473787814467,0.27220194432652284,0.1461895481403051,0.1004491212576767,0.42018428440390043
1788913869.355456,2.0155234336853027,20024,470086,74,384,227.23625652050376,243167.60192852424,29,22,11,0,29,6,1,8,0.7860144814408953,0.055465825735063444,0.05,0.3986087418219475,0.3711636825301312,0.158473787814467,0.28220194432652285,0.017975896862705953,0.17627738010947763,0.7748957972852318
1788913871.3679407,2.012484550476074,8718,328049,41,264,151.55395847776774,167338.92437600787,29,22,11,0,29,6,0,8,0.7277025339793314,0.05196582573506344,0.0,0.2392395677340804,0.32562963279074064,0.148473787814467,0.27220194432652284,0.05205905582832293,0.10146662788311751,0.7408940658552606
1788913873.3793337,2.0113930702209473,11097,1247,6,13,9.446189450137108,6137.040135394341,29,22,11,0,29,6,0,8,0.33960349454232475,0.05196582573506344,0.0,0.2392395677340804,0.32562963279074064,0.148473787814467,0.27220194432652284,0.2258609981036751,0.10146662788311751,0.5039851267044264
1788913875.4066663,2.0273325443267822,8655,571632,63,455,255.50815600013595,286231.77861168125,28,21,11,0,28,7,0,8,0.8029175500605348,0.05903180183249786,0.05,0.235847878982611,0.32562963279074064,0.16866229094999388,0.3008808667416555,0.01164338874491233,0.12948682188478208,0.7832577167362675
1788913877.4440162,2.0373499393463135,20779,21726,41,49,44.175032605776416,20862.886232316963,28,21,11,0,28,7,0,8,0.551553019315829,0.055531801832497854,0.0,0.235847878982611,0.32562963279074064,0.15866229094999387,0.2908808667416555,0.09323194719598693,0.10248682188478209,0.6236202569051885
1788913879.4602685,2.016252279281616,539,1851,6,9,7.43954521670495,1185.3675378616554,28,21,11,0,28,7,0,8,0.3087283441099066,0.055531801832497854,0.0,0.235847878982611,0.32562963279074064,0.15866229094999387,0.2908808667416555,0.1501808931150152,0.10248682188478209,0.46503277344484845
1788913881.469568,2.0092995166778564,9812,528186,56,415,234.410049915676,267754.0085658893,28,21,11,0,28,7,0,8,0.7904939545974127,0.055531801832497854,0.0,0.235847878982611,0.32562963279074064,0.15866229094999387,0.2908808667416555,0.019740682892678607,0.10248682188478209,0.7761806587416354
1788913883.5047646,2.035196542739868,163,399,3,6,4.4221773234165465,276.1404061955666,27,20,11,0,27,7,0,8,0.24468916743614924,0.05903180183249786,0.05,0.23229838162588368,0.32562963279074064,0.16866229094999388,0.3008808667416555,0.11994895094751837,0.1284219726777639,0.41187789502629
1788913885.5283334,2.023568868637085,6472,5943,16,14,14.825292316443678,6135.200136954942,28,21,11,0,28,7,1,8,0.39972607624474826,0.05903180183249786,0.05,0.39521705307047805,0.3711636825301312,0.16866229094999388,0.3008808667416555,0.16571897940702868,0.1772975741111422,0.5318388031976403
1788913887.5388358,2.010502338409424,13878,799698,85,640,360.60639480458,404663.04587521515,28,21,11,0,28,7,0,8,0.8526219993717428,0.055531801832497854,0.0,0.235847878982611,0.32562963279074064,0.15866229094999387,0.2908808667416555,0.015613542399115277,0.10248682188478209,0.8125994450253077
1788913889.558922,2.0200862884521484,75,318,1,1,0.9900567175932177,194.54614500706728,28,21,11,0,28,7,0,8,0.09960740562014565,0.055531801832497854,0.0,0.235847878982611,0.32562963279074064,0.15866229094999387,0.2908808667416555,0.24242267176609378,0.10248682188478209,0.3370964722322315
1788913891.5872831,2.0283610820770264,19907,673023,117,542,324.89284369683776,341620.63457185094,29,21,11,0,29,7,1,8,0.8375704178040055,0.05903180183249786,0.05,0.39521705307047805,0.3711636825301312,0.16866229094999388,0.3008808667416555,0.0115411489741718,0.1772975741111422,0.8050815435720335
1788913893.608439,2.021155834197998,17266,740249,117,595,352.2736782354658,374792.9710232287,30,22,11,0,30,7,1,8,0.8492475469772922,0.05903180183249786,0.05,0.3986087418219475,0.3711636825301312,0.16866229094999388,0.3008808667416555,0.017210305388528524,0.17831508073658303,0.8142531631590039
1788913895.639046,2.030606985092163,3721,485,5,6,5.417099458810708,2071.301847614349,30,22,11,0,30,7,0,8,0.26907399050886005,0.055531801832497854,0.0,0.2392395677340804,0.32562963279074064,0.15866229094999387,0.2908808667416555,0.22599509758312053,0.1035043285102229,0.4567727542254312
1788913897.6727262,2.0336802005767822,272,411,5,6,5.408913356623247,335.84434750669794,29,22,11,0,29,7,0,8,0.2688892271840536,0.05903180183249786,0.05,0.2392395677340804,0.32562963279074064,0.16866229094999388,0.3008808667416555,0.10839701675580277,0.1305043285102229,0.4309923432840621
1788913899.7051451,2.032418966293335,157,253,2,3,2.46012268283387,201.73005999237733,29,22,11,0,29,7,0,8,0.17967116876458356,0.055531801832497854,0.0,0.2392395677340804,0.32562963279074064,0.15866229094999387,0.2908808667416555,0.1646979084950701,0.1035043285102229,0.3797998807382865
1788913901.7157753,2.0106301307678223,13751,878185,89,692,388.4354402377083,443610.1828730609,28,21,11,0,28,8,0,8,0.8633535697458088,0.06217721566799166,0.05,0.235847878982611,0.32562963279074064,0.17764918762283333,0.3173568439751944,0.020387799074821134,0.13128420121934997,0.8191566929520127
1788913903.7413008,2.0255255699157715,1291,434,4,5,4.44329122953222,851.6308189936756,27,20,11,0,27,7,0,8,0.2452517041750483,0.05903180183249786,0.05,0.23229838162588368,0.32562963279074064,0.16866229094999388,0.3008808667416555,0.19224256533266645,0.1284219726777639,0.426730393620549
1788913905.7774067,2.0361058712005615,0,0,0,0,0.0,0.0,27,20,11,0,27,7,0,8,0.0,0.055531801832497854,0.0,0.23229838162588368,0.32562963279074064,0.15866229094999387,0.2908808667416555,0.0,0.10142197267776387,0.21660568763148189
1788913907.8098173,2.0324106216430664,19032,774367,90,623,350.81493493848586,390373.37807189306,27,20,11,0,27,7,0,8,0.8486486308473364,0.055531801832497854,0.0,0.23229838162588368,0.32562963279074064,0.15866229094999387,0.2908808667416555,0.013970877517993308,0.10142197267776387,0.8078655537210188
1788913909.8252535,2.0154361724853516,15108,16434,30,35,32.25108335722918,15650.21032698035,26,19,11,0,26,8,0,8,0.5071952125489535,0.06217721566799166,0.05,0.22857567095199047,0.32562963279074064,0.17764918762283333,0.3173568439751944,0.11895296703625269,0.1291025388101638,0.5930688976787798
1788913911.8595052,2.0342516899108887,55,66,1,1,0.9831625112660523,59.481331931596166,26,19,11,0,26,8,0,8,0.09910509495237564,0.05867721566799166,0.0,0.22857567095199047,0.32562963279074064,0.16764918762283332,0.3073568439751944,0.1668494208107777,0.10210253881016382,0.31698510611608033
1788913913.872395,2.012889862060547,7617,636555,60,498,277.21337889236963,320023.47080260847,26,19,11,0,26,8,0,8,0.8146747929306626,0.05867721566799166,0.0,0.22857567095199047,0.32562963279074064,0.16764918762283332,0.3073568439751944,0.0071206641548303695,0.10210253881016382,0.7859381433696917
1788913915.910061,2.037665843963623,17550,511894,63,410,232.1283449890541,259828.66698601432,26,19,11,0,26,8,0,8,0.7890841856329436,0.05867721566799166,0.0,0.22857567095199047,0.32562963279074064,0.16764918762283332,0.3073568439751944,0.01920256038767476,0.10210253881016382,0.7704410975078573
1788913917.9285405,2.018479585647583,13818,1302,15,12,13.376404791003951,7490.786682962213,26,19,11,0,26,8,0,8,0.38582760448829584,0.05867721566799166,0.0,0.22857567095199047,0.32562963279074064,0.16764918762283332,0.3073568439751944,0.19255763238690077,0.10210253881016382,0.5228325051064491
1788913919.937941,2.0094006061553955,6092,387185,44,309,175.6742776520796,195718.5634339289,26,19,11,0,26,7,0,8,0.748949407423094,0.055531801832497854,0.0,0.22857567095199047,0.32562963279074064,0.15866229094999387,0.2908808667416555,0.04096817189559754,0.10030515947559593,0.7466998750625471
1788913921.974375,2.0364339351654053,5353,5723,11,14,12.276361912997402,5438.919381934368,27,19,11,0,27,7,0,8,0.3743055350472688,0.05903180183249786,0.05,0.22857567095199047,0.32562963279074064,0.16866229094999388,0.3008808667416555,0.1833312975957977,0.12730515947559592,0.5152858216837296
1788913923.9930573,2.0186822414398193,34435,672360,122,566,340.8163929303138,350126.92215287953,29,20,11,0,29,7,1,8,0.8444754397118152,0.06253180183249785,0.1,0.3916675557137508,0.3711636825301312,0.17866229094999386,0.3108808667416555,0.01685168994504227,0.20323272490412397,0.8088529507133262
1788913926.0235393,2.030482053756714,2289,16910,19,31,24.624694371216957,9455.390144659887,28,19,11,0,28,8,0,8,0.4694849671205206,0.06217721566799166,0.05,0.22857567095199047,0.32562963279074064,0.17764918762283333,0.3173568439751944,0.1239981097674992,0.1291025388101638,0.572325852882775
1788913928.035994,2.0124547481536865,24830,3726,15,16,15.40407307465708,14189.635829674438,27,18,11,0,27,7,0,8,0.40492530876634186,0.05903180183249786,0.05,0.22466197035749005,0.32562963279074064,0.16866229094999388,0.3008808667416555,0.21487173443484636,0.1261310492972458,0.5430277506548905
1788913930.0464864,2.0104923248291016,6819,12437,18,27,22.38257736389277,9577.75354931376,27,18,11,0,27,6,0,8,0.456231446711903,0.05196582573506344,0.0,0.22466197035749005,0.32562963279074064,0.148473787814467,0.27220194432652284,0.13808513408928208,0.09709334867014041,0.5635847271476704
1788913932.0561402,2.0096538066864014,11493,1059822,102,834,465.75186078606976,533084.3533525944,26,17,11,0,26,6,0,8,0.8895666390564603,0.055465825735063444,0.05,0.22053661793949794,0.32562963279074064,0.158473787814467,0.28220194432652285,0.034689445639588645,0.12285574294474279,0.8300004136988663
1788913934.0724237,2.0162835121154785,216,362,4,4,3.967695987161262,286.6660350724012,24,15,11,0,24,8,0,8,0.23201809873861534,0.06567721566799166,0.1,0.2115497212666585,0.32562963279074064,0.18764918762283334,0.32735684397519443,0.13503662071737293,0.1509947539045642,0.39865889480957944
1788913936.08248,2.010056257247925,6786,6642,12,17,14.427456891035202,6680.410039062783,24,15,11,0,24,8,0,8,0.3960408097140138,0.05867721566799166,0.0,0.2115497212666585,0.32562963279074064,0.16764918762283332,0.3073568439751944,0.1749227971114118,0.09699475390456422,0.5214520277711661
1788913938.1073887,2.0249087810516357,10725,8643,21,25,22.71707270492941,9564.87530758854,24,15,11,0,24,8,0,8,0.45828738422982923,0.05867721566799166,0.0,0.2115497212666585,0.32562963279074064,0.16764918762283332,0.3073568439751944,0.13594197659696666,0.09699475390456422,0.5572284658293478
1788913940.1218362,2.0144474506378174,26012,687888,102,566,331.60457960245964,354389.9840990957,25,16,11,0,25,8,0,8,0.8405211244650665,0.06217721566799166,0.05,0.21617540618858333,0.32562963279074064,0.17764918762283333,0.3173568439751944,0.012112788688186993,0.12538245938114168,0.797730623177337
1788913942.1486814,2.0268452167510986,1508,1523,4,6,4.93377585883413,1495.4274628126248,25,16,11,0,25,8,0,8,0.2577397527742079,0.05867721566799166,0.0,0.21617540618858333,0.32562963279074064,0.16764918762283332,0.3073568439751944,0.21622200950533815,0.09838245938114165,0.43545062263244105
1788913944.1753714,2.0266900062561035,14435,702136,81,560,316.2792523875503,353567.14533946844,26,16,11,0,26,8,0,8,0.8336932620181956,0.06217721566799166,0.05,0.21617540618858333,0.32562963279074064,0.17764918762283333,0.3173568439751944,0.005435626160015139,0.12538245938114168,0.7967398136679957
1788913946.2080033,2.0326318740844727,110,132,2,2,1.967891998053833,119.05746588225689,26,16,11,0,26,8,0,8,0.1574599143544928,0.05867721566799166,0.0,0.21617540618858333,0.32562963279074064,0.16764918762283332,0.3073568439751944,0.15294439316162262,0.09838245938114165,0.35505247416773134
1788913948.2232337,2.015230417251587,3609,240357,58,92,74.43317583731846,121061.09450884823,25,16,11,0,25,9,0,8,0.6257635875323649,0.06499088422236406,0.05,0.21617540618858333,0.32562963279074064,0.18568824063532588,0.3320951078314308,0.13301098739819905,0.12699026998364019,0.6764251025417232
1788913950.2354567,2.0122230052948,8161,622302,63,488,273.8265085679586,313316.6643761904,25,16,11,0,25,9,0,8,0.8129019193819631,0.06149088422236405,0.0,0.21617540618858333,0.32562963279074064,0.17568824063532587,0.3220951078314308,0.007520444894910772,0.09999026998364016,0.7823238263357841
1788913952.2667756,2.0313189029693604,6549,6766,13,15,13.784147806171596,6554.854572827671,25,16,11,0,25,8,0,8,0.3898756865167175,0.05867721566799166,0.0,0.21617540618858333,0.32562963279074064,0.16764918762283332,0.3073568439751944,0.17985805750414158,0.09838245938114165,0.5206729858519585
1788913954.2948897,2.028114080429077,7463,455560,49,362,202.6513222141069,228302.24614487204,25,16,11,0,25,8,0,8,0.7695177345954703,0.05867721566799166,0.0,0.21617540618858333,0.32562963279074064,0.16764918762283332,0.3073568439751944,0.030383147724079018,0.09838245938114165,0.7565274375510729
1788913956.3325756,2.0376858711242676,1726,505,6,7,6.379786101587588,1094.8694455878392,25,16,11,0,25,8,0,8,0.2893060643362051,0.05867721566799166,0.0,0.21617540618858333,0.32562963279074064,0.16764918762283332,0.3073568439751944,0.16445903342750584,0.09838245938114165,0.4471944455102726
1788913958.3498936,2.0173180103302,6050,367970,42,293,166.06206769807517,185404.58077741513,25,16,11,0,25,8,0,8,0.7408520883610328,0.05867721566799166,0.0,0.21617540618858333,0.32562963279074064,0.16764918762283332,0.3073568439751944,0.04555578191087173,0.09838245938114165,0.7394960120243252
1788913960.362144,2.0122504234313965,15352,2359,15,20,17.393461366660386,8801.588407569203,25,16,11,0,25,8,0,8,0.42149350121245366,0.05867721566799166,0.0,0.21617540618858333,0.32562963279074064,0.16764918762283332,0.3073568439751944,0.16734483391087684,0.09838245938114165,0.5403028114203208
1788913962.3994982,2.0373542308807373,6627,944,11,9,9.816653234304821,3716.09408184609,25,16,11,0,25,8,0,8,0.344647767755394,0.05867721566799166,0.0,0.21617540618858333,0.32562963279074064,0.16764918762283332,0.3073568439751944,0.18830035783443005,0.09838245938114165,0.4907019027850897
1788913964.4351556,2.0356574058532715,9869,8627,21,26,23.08836440987444,9086.008257979523,25,16,11,0,25,8,0,8,0.4605358014537601,0.05867721566799166,0.0,0.21617540618858333,0.32562963279074064,0.16764918762283332,0.3073568439751944,0.1303641232866744,0.09838245938114165,0.5602362794643948
1788913966.4505925,2.015436887741089,3146,132,5,2,3.4731923597198984,1626.446365023118,25,16,11,0,25,8,0,8,0.21684114952864805,0.05867721566799166,0.0,0.21617540618858333,0.32562963279074064,0.16764918762283332,0.3073568439751944,0.262561899137041,0.09838245938114165,0.41608957828688975
1788913968.484076,2.0334835052490234,6106,101019,27,93,59.01203510637998,52680.53550642463,25,16,11,0,25,8,0,8,0.5926603647118841,0.05867721566799166,0.0,0.21617540618858333,0.32562963279074064,0.16764918762283332,0.3073568439751944,0.11217311872801516,0.09838245938114165,0.6490852728333498
1788913970.4950285,2.0109524726867676,15712,14507,25,31,27.847500505658516,15027.207460365977,25,16,11,0,25,8,0,8,0.48663231783551575,0.05867721566799166,0.0,0.21617540618858333,0.32562963279074064,0.16764918762283332,0.3073568439751944,0.13688250980067052,0.09838245938114165,0.579807518234423
1788913972.5042167,2.009188175201416,283,2029,4,7,5.474848068373326,1150.7135212799208,25,16,11,0,25,8,0,8,0.27037074011643614,0.05867721566799166,0.0,0.21617540618858333,0.32562963279074064,0.16764918762283332,0.3073568439751944,0.18661659134956998,0.09838245938114165,0.43837123014084717
1788913974.54453,2.040313243865967,55,108,1,2,1.470362459793491,79.88969364877968,25,16,11,0,25,8,0,8,0.1309012859216311,0.05867721566799166,0.0,0.21617540618858333,0.32562963279074064,0.16764918762283332,0.3073568439751944,0.15390267120247494,0.09838245938114165,0.33419982817506466
1788913976.5677645,2.0232346057891846,236,108,5,2,3.459806381311659,170.0247707387444,25,16,11,0,25,8,0,8,0.21640735567920458,0.05867721566799166,0.0,0.21617540618858333,0.32562963279074064,0.16764918762283332,0.3073568439751944,0.11693627573271495,0.09838245938114165,0.38666079791141406
1788913978.5992599,2.0314953327178955,307,430,3,5,3.937985911735749,362.78695211865585,25,16,11,0,25,8,0,8,0.2311498365334624,0.05867721566799166,0.0,0.21617540618858333,0.32562963279074064,0.16764918762283332,0.3073568439751944,0.15112491367187178,0.09838245938114165,0.40381826209722593
1788913980.6279094,2.0286495685577393,0,0,0,0,0.0,0.0,25,16,11,0,25,8,0,8,0.0,0.05867721566799166,0.0,0.21617540618858333,0.32562963279074064,0.16764918762283332,0.3073568439751944,0.0,0.09838245938114165,0.21178839378942788
1788913982.6648645,2.0369551181793213,3755,1150,9,13,10.800434336355982,2408.0059281739136,25,16,11,0,25,8,0,8,0.3572476398134097,0.05867721566799166,0.0,0.21617540618858333,0.32562963279074064,0.16764918762283332,0.3073568439751944,0.1475818821414948,0.09838245938114165,0.4913781180871136
1788913984.6776822,2.012817621231079,163,120,3,2,2.4840800017151583,140.59892809707796,24,15,11,0,24,9,0,8,0.1806698980065911,0.06499088422236406,0.05,0.2115497212666585,0.32562963279074064,0.18568824063532588,0.3320951078314308,0.14043318746430294,0.12560256450706273,0.36379446764654844
1788913986.7139082,2.0362260341644287,10337,8989,24,31,27.010753755817394,9491.08776518049,22,13,11,0,22,10,0,8,0.4823718029662189,0.07103615703308122,0.1,0.2013612181311316,0.32562963279074064,0.20296044866594637,0.3554274892209018,0.11135554481514282,0.15100045517252875,0.5637501578611299
1788913988.7273123,2.013404130935669,275,600,3,4,3.4766989361181855,434.5873670147732,22,13,11,0,22,10,0,8,0.21695457113265224,0.06403615703308123,0.0,0.2013612181311316,0.32562963279074064,0.18296044866594638,0.33542748922090176,0.17699781854086424,0.09700045517252875,0.39108655032277756
1788913990.7490015,2.0216891765594482,18088,6424,10,15,12.365896938987182,12124.514630738153,23,14,11,0,23,10,1,8,0.37527840272127166,0.06753615703308123,0.05,0.36599457821794495,0.3711636825301312,0.1929604486659464,0.3454274892209018,0.23432279334120787,0.17339046319857276,0.5161447606368715
1788913992.7609963,2.0119948387145996,9665,10937,23,25,23.8569200459111,10239.588891372094,22,14,11,0,22,11,0,8,0.46508181127935144,0.06985980905566108,0.05,0.20662540413007788,0.32562963279074064,0.19959945444474594,0.3575989998153676,0.13356617149053263,0.12690751212797258,0.5560892890154008
1788913994.7830296,2.022033214569092,263,374,3,3,2.9673103076492433,315.0294443287613,22,14,11,0,22,10,0,8,0.19946986175349887,0.06403615703308123,0.0,0.20662540413007788,0.32562963279074064,0.18296044866594638,0.33542748922090176,0.17368116198686187,0.09857971097221263,0.37818392244656973
1788913996.80068,2.0176503658294678,55,66,1,1,0.9912520196123219,59.97074718654547,22,14,11,0,22,10,0,8,0.09969431807700545,0.06403615703308123,0.0,0.20662540413007788,0.32562963279074064,0.18296044866594638,0.33542748922090176,0.166782691517172,0.09857971097221263,0.30696134777908635
1788913998.8102915,2.0096116065979004,192,264,3,4,3.4832601369427785,226.90951749227244,22,14,11,0,22,10,0,8,0.21716655733766077,0.06403615703308123,0.0,0.20662540413007788,0.32562963279074064,0.18296044866594638,0.33542748922090176,0.1347923900202584,0.09857971097221263,0.38279385496216245
1788914000.850283,2.0399913787841797,258,460,3,3,2.9411889003060185,351.9622717366202,22,14,11,0,22,10,0,8,0.1985136935595078,0.06403615703308123,0.0,0.20662540413007788,0.32562963279074064,0.18296044866594638,0.33542748922090176,0.18180272094799985,0.09857971097221263,0.37913891650300363
1788914002.8618038,2.0115208625793457,15905,15884,29,37,32.81099452051872,15803.465224435902,22,14,11,0,22,10,0,8,0.5096122447144495,0.06403615703308123,0.0,0.20662540413007788,0.32562963279074064,0.18296044866594638,0.33542748922090176,0.11716765548605135,0.09857971097221263,0.5839808892190731
1788914004.8792095,2.0174057483673096,2535,939,7,8,7.435291592749515,1722.0135328807876,22,14,11,0,22,10,0,8,0.3086553732039175,0.06403615703308123,0.0,0.20662540413007788,0.32562963279074064,0.18296044866594638,0.33542748922090176,0.17444705066685862,0.09857971097221263,0.45476695819786217
1788914006.8908172,2.0116076469421387,288,312,4,4,3.976918666103137,298.26889995773524,22,14,11,0,22,10,0,8,0.23228657103235578,0.06403615703308123,0.0,0.20662540413007788,0.32562963279074064,0.18296044866594638,0.33542748922090176,0.13733167678317987,0.09857971097221263,0.3938857219010332
1788914008.9051354,2.0143182277679443,5149,6445,10,14,11.914701296524669,5755.793617996125,22,14,11,0,22,10,0,8,0.3703078745138581,0.06403615703308123,0.0,0.20662540413007788,0.32562963279074064,0.18296044866594638,0.33542748922090176,0.19099940242823926,0.09857971097221263,0.5012341794670967
1788914010.9439507,2.0388152599334717,163,252,3,4,3.4333664935529353,203.54958497492402,21,13,11,0,21,10,0,8,0.21554669022830905,0.06753615703308123,0.05,0.2013612181311316,0.32562963279074064,0.1929604486659464,0.3454274892209018,0.12940164827851483,0.12400045517252875,0.3776922697273579
1788914012.9582205,2.0142698287963867,10879,724,3,8,5.461035975787303,5760.400038823644,21,13,11,0,21,10,0,8,0.27006164385687453,0.06403615703308123,0.0,0.2013612181311316,0.32562963279074064,0.18296044866594638,0.33542748922090176,0.2912974874748237,0.09700045517252875,0.44823190510661554
1788914014.993976,2.0357556343078613,17970,12780,25,32,27.99943128703632,15104.956352216961,22,14,11,0,22,10,1,8,0.4873926382629672,0.06753615703308123,0.05,0.36599457821794495,0.3711636825301312,0.1929604486659464,0.3454274892209018,0.13645672493800398,0.17339046319857276,0.572284978593426
1788914017.0041811,2.010205030441284,164,294,3,5,3.979693553071959,227.83745591336967,22,14,11,0,22,10,0,8,0.23236725066895117,0.06403615703308123,0.0,0.20662540413007788,0.32562963279074064,0.18296044866594638,0.33542748922090176,0.11985511765884307,0.09857971097221263,0.3904468858217826
1788914019.023474,2.0192928314208984,77719,464233,215,463,335.76110876544715,268387.0271646779,22,14,11,0,22,10,0,8,0.842318766377,0.06403615703308123,0.0,0.20662540413007788,0.32562963279074064,0.18296044866594638,0.33542748922090176,0.03193104049145412,0.09857971097221263,0.7870557151873573
1788914021.034808,2.01133394241333,341,2695,5,7,5.9661897743353425,1509.4460129068416,22,14,11,0,22,8,0,8,0.28095778132500426,0.05867721566799166,0.0,0.20662540413007788,0.32562963279074064,0.16764918762283332,0.3073568439751944,0.19360848242075113,0.09551745876359002,0.4392109302334014
1788914023.0578089,2.023000955581665,22031,27743,44,56,49.431513971404634,24604.04176412694,22,14,11,0,22,8,0,8,0.5674852244896135,0.05867721566799166,0.0,0.20662540413007788,0.32562963279074064,0.16764918762283332,0.3073568439751944,0.08799226634220969,0.09551745876359002,0.6186568972329196
1788914025.0947835,2.0369746685028076,0,0,0,0,0.0,0.0,22,14,11,0,22,8,0,8,0.0,0.05867721566799166,0.0,0.20662540413007788,0.32562963279074064,0.16764918762283332,0.3073568439751944,0.0,0.09551745876359002,0.20381878682174817
1788914027.1642096,2.0694260597229004,12302,9246,28,33,29.47677193558102,10412.548879801636,22,14,11,0,22,8,0,8,0.49458475900967264,0.05867721566799166,0.0,0.20662540413007788,0.32562963279074064,0.16764918762283332,0.3073568439751944,0.10514903666311687,0.09551745876359002,0.5710579254611424
1788914029.2317567,2.067547082901001,95344,12831,96,46,68.68041902134486,52320.45301150691,22,14,11,0,22,7,0,8,0.6142813693057948,0.055531801832497854,0.0,0.20662540413007788,0.32562963279074064,0.15866229094999387,0.2908808667416555,0.09010747434871835,0.09372007942902214,0.6518372402055482
1788914031.2742958,2.042539119720459,7363,6722,25,32,27.906442255951013,6895.828757457369,21,13,11,0,21,7,0,8,0.4869277595116356,0.05903180183249786,0.05,0.2013612181311316,0.32562963279074064,0.16866229094999388,0.3008808667416555,0.08609307663095678,0.11914082362933825,0.5589973038961749
1788914033.3742905,2.099994659423828,9498,16622,23,38,29.047692919722216,12438.126869887612,21,13,11,0,21,7,0,8,0.4925324449933799,0.055531801832497854,0.0,0.2013612181311316,0.32562963279074064,0.15866229094999387,0.2908808667416555,0.1187241872323116,0.09214082362933826,0.5694468058536668
1788914035.398622,2.024331569671631,35945,673193,176,561,364.0707930665477,350307.2375218799,21,13,11,0,21,7,0,8,0.8540021287262572,0.055531801832497854,0.0,0.2013612181311316,0.32562963279074064,0.15866229094999387,0.2908808667416555,0.02634500017907071,0.09214082362933826,0.7934617469844045
1788914037.4537845,2.0551624298095703,31499,43159,65,86,73.47351129515906,36327.05567068864,21,13,11,0,21,7,0,8,0.6239103350406738,0.055531801832497854,0.0,0.2013612181311316,0.32562963279074064,0.15866229094999387,0.2908808667416555,0.0568274638068067,0.09214082362933826,0.6490319842016716
1788914039.4764626,2.0226781368255615,14311,25013,37,46,41.034704676376315,19441.550924021954,21,13,11,0,21,7,0,8,0.5411243702114722,0.055531801832497854,0.0,0.2013612181311316,0.32562963279074064,0.15866229094999387,0.2908808667416555,0.09908646619335704,0.09214082362933826,0.5995336092985406
1788914041.4903922,2.013929605484009,34038,1612982,193,1285,733.8886105926188,817814.0862099153,21,13,11,0,21,7,0,8,0.9552689519786325,0.055531801832497854,0.0,0.2013612181311316,0.32562963279074064,0.15866229094999387,0.2908808667416555,0.07264743893727432,0.09214082362933826,0.8550880355094266
1788914043.5091395,2.018747329711914,76816,13464,81,44,61.9195865476826,44720.80218819828,21,13,11,0,21,7,0,8,0.5995085423338176,0.055531801832497854,0.0,0.2013612181311316,0.32562963279074064,0.15866229094999387,0.2908808667416555,0.09470552833892165,0.09214082362933826,0.6395263422132953
1788914045.5564659,2.0473263263702393,18940,11994,26,34,29.30651514962719,15109.462327309458,21,13,11,0,21,6,0,8,0.4937738883213763,0.05196582573506344,0.0,0.2013612181311316,0.32562963279074064,0.148473787814467,0.27220194432652284,0.13009481023096586,0.09010312300223287,0.5725899407829952
1788914047.5749207,2.0184547901153564,40944,931039,183,773,473.62963227200333,481548.06575799023,21,13,11,0,21,6,0,8,0.8919892187824752,0.05196582573506344,0.0,0.2013612181311316,0.32562963279074064,0.148473787814467,0.27220194432652284,0.043703517059196284,0.09010312300223287,0.8165810066477319
1788914049.6501284,2.0752077102661133,35569,85032,90,125,103.60408692411305,58115.1464517905,19,13,9,0,19,7,0,6,0.6730854938899274,0.06253180183249785,0.1,0.2013612181311316,0.30173766823999315,0.17866229094999386,0.3108808667416555,0.03811290596157968,0.14614082362933825,0.6735161676240149
1788914051.6735134,2.0233850479125977,7063,53161,24,56,39.53770444361596,29763.983905154095,21,13,11,0,21,7,0,8,0.5358755134899218,0.06253180183249785,0.1,0.2013612181311316,0.32562963279074064,0.17866229094999386,0.3108808667416555,0.1319444037734222,0.14614082362933825,0.6024309971094683
1788914053.6896625,2.0161490440368652,5527,286983,31,227,127.96672982242204,145083.51992386306,21,13,11,0,21,5,0,8,0.70339078719276,0.04784920844482845,0.0,0.2013612181311316,0.32562963279074064,0.13671202412808128,0.2506387109014824,0.0671188593268297,0.08775077026495573,0.7067265798121366
1788914055.7061467,2.016484260559082,10295,833,13,9,10.910077718087605,5518.51567485813,21,13,11,0,21,5,0,8,0.3585863137321589,0.04784920844482845,0.0,0.2013612181311316,0.32562963279074064,0.13671202412808128,0.2506387109014824,0.1999922319387688,0.08775077026495573,0.4919381229121036
1788914057.7346277,2.0284810066223145,8163,7155,17,21,18.733229384915443,7551.463361003546,21,13,11,0,21,5,0,8,0.43167026198131514,0.04784920844482845,0.0,0.2013612181311316,0.32562963279074064,0.13671202412808128,0.2506387109014824,0.14723792454282253,0.08775077026495573,0.5325460252073237
1788914059.7806733,2.0460455417633057,5186,3334,9,10,9.28620581124777,4164.1301848332105,21,13,11,0,21,5,0,8,0.33736958836663733,0.04784920844482845,0.0,0.2013612181311316,0.32562963279074064,0.13671202412808128,0.2506387109014824,0.20295654101424787,0.08775077026495573,0.47767927697133433
1788914061.799439,2.018765687942505,448,4380,5,7,5.94422625254257,2391.560362272961,21,13,11,0,21,5,0,8,0.28050070109316294,0.04784920844482845,0.0,0.2013612181311316,0.32562963279074064,0.13671202412808128,0.2506387109014824,0.22388472793128777,0.08775077026495573,0.4420566932633102
1788914063.8283737,2.0289347171783447,21849,21692,40,48,43.3725142829545,21460.0300499332,21,13,11,0,21,5,0,8,0.5489585824384636,0.04784920844482845,0.0,0.2013612181311316,0.32562963279074064,0.13671202412808128,0.2506387109014824,0.09765582301317866,0.08775077026495573,0.6047314292213989
1788914065.8457937,2.0174200534820557,10431,105282,40,101,69.89124538374385,57356.91969566775,21,13,11,0,21,5,0,8,0.6167749592595686,0.04784920844482845,0.0,0.2013612181311316,0.32562963279074064,0.13671202412808128,0.2506387109014824,0.09357205331325003,0.08775077026495573,0.6513861390561866
1788914067.8787677,2.0329740047454834,17881,51347,54,79,65.42139726801418,34052.575113308914,21,13,11,0,21,4,0,8,0.6073481237381262,0.042980283611531424,0.0,0.2013612181311316,0.32562963279074064,0.12280081031866122,0.22513481891754558,0.06919806938330864,0.08496852750307171,0.6399125574051887
1788914069.9113154,2.03254771232605,17701,4564,28,24,25.583655273947368,10954.232397585349,20,13,11,0,20,6,0,8,0.47480286510724246,0.055465825735063444,0.05,0.2013612181311316,0.32562963279074064,0.158473787814467,0.28220194432652285,0.1282184262045447,0.11710312300223287,0.5559109736756684
1788914071.940255,2.0289394855499268,1100,1966,6,15,10.35023476528583,1511.1342757317313,20,13,11,0,20,6,0,8,0.3516174050861927,0.05196582573506344,0.0,0.2013612181311316,0.32562963279074064,0.148473787814467,0.27220194432652284,0.12302128032787052,0.09010312300223287,0.46864172248559877
1788914073.983098,2.0428431034088135,40172,177663,90,193,138.5324205896032,106633.25031496894,20,13,11,0,20,6,0,8,0.7147882849605379,0.05196582573506344,0.0,0.2013612181311316,0.32562963279074064,0.148473787814467,0.27220194432652284,0.03575943380368174,0.09010312300223287,0.7054089690928026
1788914076.0150986,2.0320005416870117,3550,23266,13,33,22.637789240848225,13196.846875708392,20,13,11,0,20,6,0,8,0.4578027114095543,0.05196582573506344,0.0,0.2013612181311316,0.32562963279074064,0.148473787814467,0.27220194432652284,0.15729230008963302,0.09010312300223287,0.5498256408643043
1788914078.09909,2.083991527557373,90674,2468015,420,2004,1163.152521469772,1227782.8226101357,20,13,11,0,20,6,0,8,1.0,0.05196582573506344,0.0,0.2013612181311316,0.32562963279074064,0.148473787814467,0.27220194432652284,0.09103611094152986,0.09010312300223287,0.8796980606713837
1788914080.1227005,2.0236103534698486,17563,16163,39,43,40.52163493796919,16666.251950218888,19,12,11,0,19,7,0,8,0.5393467758267181,0.05903180183249786,0.05,0.19570674773420513,0.32562963279074064,0.16866229094999388,0.3008808667416555,0.09087905635348492,0.11744448251026032,0.5904522950581494
1788914082.1345887,2.011888265609741,55,66,1,1,0.9940909911286061,60.14250496328067,19,12,11,0,19,7,0,8,0.09990053562570003,0.055531801832497854,0.0,0.19570674773420513,0.32562963279074064,0.15866229094999387,0.2908808667416555,0.16675884681082678,0.09044448251026031,0.2980158850089052
1788914084.160171,2.0255823135375977,10526,9302,26,31,28.14005613055132,9788.790051869677,19,12,11,0,19,7,0,8,0.4880928379595224,0.055531801832497854,0.0,0.19570674773420513,0.32562963279074064,0.15866229094999387,0.2908808667416555,0.10763655385153459,0.09044448251026031,0.5579260380507225
1788914086.1718817,2.0117106437683105,54,118,1,1,0.9941787633303096,85.49937364640662,19,12,11,0,19,7,0,8,0.0999069065535266,0.055531801832497854,0.0,0.19570674773420513,0.32562963279074064,0.15866229094999387,0.2908808667416555,0.18924395340291225,0.09044448251026031,0.30251736597680084
1788914088.182639,2.0107572078704834,15435,15152,31,38,34.31543088838422,15211.682385260989,19,12,11,0,19,7,0,8,0.5159135210216368,0.055531801832497854,0.0,0.19570674773420513,0.32562963279074064,0.15866229094999387,0.2908808667416555,0.1083922664507847,0.09044448251026031,0.5775516587140526
1788914090.205226,2.0225870609283447,55,174,1,3,1.9776651780636059,113.22133144414143,19,12,11,0,19,7,0,8,0.15793576859836841,0.055531801832497854,0.0,0.19570674773420513,0.32562963279074064,0.15866229094999387,0.2908808667416555,0.14923789993386746,0.09044448251026031,0.3351363587143812
1788914092.226009,2.020782947540283,27714,1205745,136,963,543.8486114195063,610386.6827960808,19,12,11,0,19,7,0,8,0.9119599957039703,0.055531801832497854,0.0,0.19570674773420513,0.32562963279074064,0.15866229094999387,0.2908808667416555,0.0483039885103177,0.09044448251026031,0.8234449399994656
1788914094.2504134,2.024404525756836,13295,86911,36,48,41.49368317016387,49499.000187493344,20,13,11,0,20,7,0,8,0.5426962677585456,0.05903180183249786,0.05,0.2013612181311316,0.32562963279074064,0.16866229094999388,0.3008808667416555,0.15809880023991152,0.11914082362933825,0.609412430338654
1788914096.2848613,2.0344479084014893,10322,61988,19,62,39.81424133078123,35542.81222998507,20,13,11,0,20,7,0,8,0.5368595631495581,0.055531801832497854,0.0,0.2013612181311316,0.32562963279074064,0.15866229094999387,0.2908808667416555,0.14246336918293678,0.09214082362933826,0.6021996509009677
1788914098.3023763,2.017514944076538,2417,244571,33,194,112.5146560457836,122421.89368914536,20,13,11,0,20,7,0,8,0.6849182099948316,0.055531801832497854,0.0,0.2013612181311316,0.32562963279074064,0.15866229094999387,0.2908808667416555,0.07458102218070228,0.09214082362933826,0.6922642342922123
1788914100.318849,2.016472816467285,17344,124886,50,122,85.29745533655722,70534.05274720078,21,14,11,0,21,7,1,8,0.6452393019868793,0.05903180183249786,0.05,0.36599457821794495,0.3711636825301312,0.16866229094999388,0.3008808667416555,0.07851448843892717,0.16853083165538227,0.6682996659904394
1788914102.331295,2.0124459266662598,0,0,0,0,0.0,0.0,21,14,11,0,21,7,0,8,0.0,0.055531801832497854,0.0,0.20662540413007788,0.32562963279074064,0.15866229094999387,0.2908808667416555,0.0,0.09372007942902214,0.2009292569118386
1788914104.344688,2.013392925262451,8699,407322,45,322,182.27937299032703,206626.83114661812,21,14,11,0,21,6,0,8,0.7542620607541546,0.05196582573506344,0.0,0.20662540413007788,0.32562963279074064,0.148473787814467,0.27220194432652284,0.039171667837462065,0.09168237880191676,0.7367470330072392
1788914106.361463,2.016775131225586,22745,7623,29,21,24.792055011911618,15057.70253203464,20,13,11,0,20,5,0,8,0.47042724818640685,0.05134920844482845,0.05,0.2013612181311316,0.32562963279074064,0.1467120241280813,0.2606387109014824,0.15321899854970594,0.11475077026495573,0.5578481563001156
1788914108.3739746,2.0125114917755127,446,1832,5,8,6.459590443645574,1131.9190023557398,20,13,11,0,20,5,0,8,0.2908629089585609,0.04784920844482845,0.0,0.2013612181311316,0.32562963279074064,0.13671202412808128,0.2506387109014824,0.16505775043608167,0.08775077026495573,0.4345208692178987
1788914110.428728,2.054753541946411,13814,9145,20,26,22.387113131059735,11173.602834260879,20,13,11,0,20,5,0,8,0.4562595214992937,0.04784920844482845,0.0,0.2013612181311316,0.32562963279074064,0.13671202412808128,0.2506387109014824,0.14804711688715033,0.08775077026495573,0.5468963712866254
1788914112.4412255,2.0124974250793457,6216,2044,7,9,7.950320731152824,4104.353077457646,20,13,11,0,20,4,0,8,0.31723363146273176,0.042980283611531424,0.0,0.2013612181311316,0.32562963279074064,0.12280081031866122,0.22513481891754558,0.22215532907983937,0.08496852750307171,0.46439989069956983
1788914114.4595811,2.01835560798645,20319,578468,81,478,276.95813254517077,296670.7143333187,20,13,11,0,20,4,0,8,0.8145419369698984,0.042980283611531424,0.0,0.2013612181311316,0.32562963279074064,0.12280081031866122,0.22513481891754558,0.002341265480119814,0.08496852750307171,0.7685528918346426
1788914116.4734404,2.013859272003174,52855,51609,96,125,109.73954489887102,51872.542164324266,20,13,11,0,20,4,0,8,0.6813356606379066,0.042980283611531424,0.0,0.2013612181311316,0.32562963279074064,0.12280081031866122,0.22513481891754558,0.02249580008625618,0.08496852750307171,0.6793394053234757
1788914118.5016594,2.028218984603882,6278,402462,40,316,175.5234531884278,201526.5625175224,20,13,11,0,20,4,0,8,0.7488257887354072,0.042980283611531424,0.0,0.2013612181311316,0.32562963279074064,0.12280081031866122,0.22513481891754558,0.042987636299897214,0.08496852750307171,0.7306808622344542
1788914120.5270774,2.0254180431365967,1275,3218,8,10,8.887054236035587,2218.3074823615493,20,13,11,0,20,4,0,8,0.3316409862093535,0.042980283611531424,0.0,0.2013612181311316,0.32562963279074064,0.12280081031866122,0.22513481891754558,0.16787124206182374,0.08496852750307171,0.46362822161860195
1788914122.5453172,2.018239736557007,149,836,2,4,2.9728876561689503,488.049056887736,20,13,11,0,20,4,0,8,0.1996732035903953,0.042980283611531424,0.0,0.2013612181311316,0.32562963279074064,0.12280081031866122,0.22513481891754558,0.2017843919969855,0.08496852750307171,0.37803340377236355
1788914124.5561414,2.010824203491211,5161,10855,26,32,28.84389391141199,7964.89318767542,20,13,11,0,20,4,0,8,0.49154737261762743,0.042980283611531424,0.0,0.2013612181311316,0.32562963279074064,0.12280081031866122,0.22513481891754558,0.09081594975528878,0.08496852750307171,0.5601516336430867
1788914126.6294882,2.0733468532562256,47053,617808,119,522,309.16197113536447,320670.41699068574,21,14,11,0,21,4,1,8,0.8304093620083861,0.04648028361153143,0.05,0.36599457821794495,0.3711636825301312,0.13280081031866123,0.2351348189175456,0.008482979906340615,0.16135853552911572,0.7805192143364408
1788914128.6527457,2.0232574939727783,7865,4281,16,20,17.793088673707075,6003.190417523503,22,15,11,0,22,4,1,8,0.4246046172154783,0.04648028361153143,0.05,0.3709188953545256,0.3711636825301312,0.13280081031866123,0.2351348189175456,0.13943051141073987,0.16283583067008991,0.528928121154731
1788914130.673075,2.020329236984253,17497,17306,22,30,25.738379194878377,17226.400213833695,22,15,11,0,22,4,0,8,0.47564287071968014,0.042980283611531424,0.0,0.2115497212666585,0.32562963279074064,0.12280081031866122,0.22513481891754558,0.15672593901732268,0.08802507844372978,0.5681139841289888
1788914132.6903982,2.0173232555389404,5436,403463,37,316,174.98435068885072,202693.84139467528,22,15,11,0,22,4,0,8,0.7483830646333489,0.042980283611531424,0.0,0.2115497212666585,0.32562963279074064,0.12280081031866122,0.22513481891754558,0.04380478271471944,0.08802507844372978,0.7364478886080363
1788914134.7088985,2.018500328063965,65787,3189,58,19,38.14713276457785,34171.90428012366,22,15,11,0,22,4,0,8,0.5308231801133347,0.042980283611531424,0.0,0.2115497212666585,0.32562963279074064,0.12280081031866122,0.22513481891754558,0.14594979071408543,0.08802507844372978,0.6045849710438995
1788914136.7478912,2.0389926433563232,12112,7651,25,25,24.521912897977177,9692.531292054458,24,16,11,0,24,4,1,8,0.46890322727677564,0.04998028361153142,0.1,0.37554458027645043,0.3711636825301312,0.1428008103186612,0.24513481891754557,0.12618556433378242,0.19122353614666737,0.5627082735095735
1788914138.7762752,2.02838397026062,9525,13519,28,33,30.073201570490777,11360.768147383435,24,16,11,0,24,4,0,8,0.49739003216218297,0.042980283611531424,0.0,0.21617540618858333,0.32562963279074064,0.12280081031866122,0.22513481891754558,0.10799346223222622,0.08941278392030724,0.5790106165090474
1788914140.7983143,2.0220391750335693,16074,406873,61,337,196.83100353057824,209168.54886996854,24,16,11,0,24,4,0,8,0.765320715181442,0.042980283611531424,0.0,0.21617540618858333,0.32562963279074064,0.12280081031866122,0.22513481891754558,0.02890561921106427,0.08941278392030724,0.7507445260182963
1788914142.8117306,2.013416290283203,108,225,2,3,2.4833413855495876,165.39053627760254,23,16,11,0,23,4,0,8,0.1806392094155014,0.04648028361153143,0.05,0.21617540618858333,0.32562963279074064,0.13280081031866123,0.2351348189175456,0.1509234922000213,0.11641278392030724,0.36321746509459507
1788914144.8317654,2.0200347900390625,9589,7916,16,21,18.316516221626316,8665.6923367451,23,16,11,0,23,4,0,8,0.42858092193376246,0.042980283611531424,0.0,0.21617540618858333,0.32562963279074064,0.12280081031866122,0.22513481891754558,0.15924874829807284,0.08941278392030724,0.538441715076988
1788914146.8454626,2.0136971473693848,5795,410562,42,324,181.7552358745346,206762.471975447,23,16,11,0,23,4,0,8,0.7538475333194471,0.042980283611531424,0.0,0.21617540618858333,0.32562963279074064,0.12280081031866122,0.22513481891754558,0.03962873898444508,0.08941278392030724,0.7422043411842418
1788914148.8553333,2.009870767593384,182,242,2,2,1.990177709181568,210.9588371732462,23,16,11,0,23,4,0,8,0.15854272660317043,0.042980283611531424,0.0,0.21617540618858333,0.32562963279074064,0.12280081031866122,0.22513481891754558,0.18871237330013563,0.08941278392030724,0.3553077033459862
1788914150.8788698,2.023536443710327,10423,7909,16,17,16.308082862837736,9059.38712247095,23,16,11,0,23,4,0,8,0.4126899421054995,0.042980283611531424,0.0,0.21617540618858333,0.32562963279074064,0.12280081031866122,0.22513481891754558,0.17801977898159316,0.08941278392030724,0.531072235333908
1788914152.9674377,2.0885679721832275,674,2339,3,5,3.8303756959546873,1442.615246488934,23,16,11,0,23,4,0,8,0.22796065264848325,0.042980283611531424,0.0,0.21617540618858333,0.32562963279074064,0.12280081031866122,0.22513481891754558,0.24367176504052374,0.08941278392030724,0.41489212992578284
1788914154.9810853,2.0136475563049316,11233,596783,63,473,266.1836220155461,301947.5767227692,23,16,11,0,23,4,0,8,0.8088195808689203,0.042980283611531424,0.0,0.21617540618858333,0.32562963279074064,0.12280081031866122,0.22513481891754558,0.009206610059088849,0.08941278392030724,0.7746003486838017
1788914157.006414,2.0253286361694336,23190,27141,44,53,47.893461963515755,24850.781794698054,22,15,11,0,22,4,1,8,0.5630021341920944,0.04648028361153143,0.05,0.3709188953545256,0.3711636825301312,0.13280081031866123,0.2351348189175456,0.09312223595745373,0.16283583067008991,0.6165447279477051
1788914159.0350947,2.0286808013916016,2710,3270,10,13,11.33741689881564,2947.7283936920667,22,15,11,0,22,4,0,8,0.36368879043173324,0.042980283611531424,0.0,0.2115497212666585,0.32562963279074064,0.12280081031866122,0.22513481891754558,0.15424676151923217,0.08802507844372978,0.4892502924278079
1788914161.04564,2.010545253753662,19357,407889,70,337,202.43264817846614,212502.55332593844,22,15,11,0,22,4,0,8,0.7693622299105228,0.042980283611531424,0.0,0.2115497212666585,0.32562963279074064,0.12280081031866122,0.22513481891754558,0.025889297394808608,0.08802507844372978,0.747550207238076
